{
"type": "FeatureCollection",
"name": "hotspots",
"crs": { "type": "name", "properties": { "name": "urn:ogc:def:crs:OGC:1.3:CRS84" } },
"features": [
{ "type": "Feature", "properties": { "lat": 4.67, "lon": 7.1, "crs": 0.5851, "crs_lower": 0.4087, "crs_upper": 0.7493, "risk_tier": "high", "population": 0, "colour": "#FF6D00" }, "geometry": { "type": "Polygon", "coordinates": [ [ [ 7.105, 4.665 ], [ 7.105, 4.675 ], [ 7.095, 4.675 ], [ 7.095, 4.665 ], [ 7.105, 4.665 ] ] ] } },
{ "type": "Feature", "properties": { "lat": 4.68, "lon": 7.07, "crs": 0.6269, "crs_lower": 0.555, "crs_upper": 0.8659, "risk_tier": "high", "population": 0, "colour": "#FF6D00" }, "geometry": { "type": "Polygon", "coordinates": [ [ [ 7.075, 4.675 ], [ 7.075, 4.685 ], [ 7.065, 4.685 ], [ 7.065, 4.675 ], [ 7.075, 4.675 ] ] ] } },
{ "type": "Feature", "properties": { "lat": 4.68, "lon": 7.08, "crs": 0.6056, "crs_lower": 0.5321, "crs_upper": 0.8715, "risk_tier": "high", "population": 201, "colour": "#FF6D00" }, "geometry": { "type": "Polygon", "coordinates": [ [ [ 7.085, 4.675 ], [ 7.085, 4.685 ], [ 7.075, 4.685 ], [ 7.075, 4.675 ], [ 7.085, 4.675 ] ] ] } },
{ "type": "Feature", "properties": { "lat": 4.68, "lon": 7.09, "crs": 0.6169, "crs_lower": 0.5342, "crs_upper": 0.8719, "risk_tier": "high", "population": 3604, "colour": "#FF6D00" }, "geometry": { "type": "Polygon", "coordinates": [ [ [ 7.095, 4.675 ], [ 7.095, 4.685 ], [ 7.085, 4.685 ], [ 7.085, 4.675 ], [ 7.095, 4.675 ] ] ] } },
{ "type": "Feature", "properties": { "lat": 4.68, "lon": 7.1, "crs": 0.7078, "crs_lower": 0.5403, "crs_upper": 0.8747, "risk_tier": "high", "population": 0, "colour": "#FF6D00" }, "geometry": { "type": "Polygon", "coordinates": [ [ [ 7.105, 4.675 ], [ 7.105, 4.685 ], [ 7.095, 4.685 ], [ 7.095, 4.675 ], [ 7.105, 4.675 ] ] ] } },
{ "type": "Feature", "properties": { "lat": 4.68, "lon": 7.11, "crs": 0.5872, "crs_lower": 0.4095, "crs_upper": 0.786, "risk_tier": "high", "population": 0, "colour": "#FF6D00" }, "geometry": { "type": "Polygon", "coordinates": [ [ [ 7.115, 4.675 ], [ 7.115, 4.685 ], [ 7.105, 4.685 ], [ 7.105, 4.675 ], [ 7.115, 4.675 ] ] ] } },
{ "type": "Feature", "properties": { "lat": 4.68, "lon": 7.12, "crs": 0.6432, "crs_lower": 0.4022, "crs_upper": 0.7598, "risk_tier": "high", "population": 871, "colour": "#FF6D00" }, "geometry": { "type": "Polygon", "coordinates": [ [ [ 7.125, 4.675 ], [ 7.125, 4.685 ], [ 7.115, 4.685 ], [ 7.115, 4.675 ], [ 7.125, 4.675 ] ] ] } },
{ "type": "Feature", "properties": { "lat": 4.68, "lon": 7.13, "crs": 0.5689, "crs_lower": 0.2449, "crs_upper": 0.6499, "risk_tier": "high", "population": 0, "colour": "#FF6D00" }, "geometry": { "type": "Polygon", "coordinates": [ [ [ 7.135, 4.675 ], [ 7.135, 4.685 ], [ 7.125, 4.685 ], [ 7.125, 4.675 ], [ 7.135, 4.675 ] ] ] } },
{ "type": "Feature", "properties": { "lat": 4.68, "lon": 7.14, "crs": 0.6669, "crs_lower": 0.425, "crs_upper": 0.7726, "risk_tier": "high", "population": 0, "colour": "#FF6D00" }, "geometry": { "type": "Polygon", "coordinates": [ [ [ 7.145, 4.675 ], [ 7.145, 4.685 ], [ 7.135, 4.685 ], [ 7.135, 4.675 ], [ 7.145, 4.675 ] ] ] } },
{ "type": "Feature", "properties": { "lat": 4.68, "lon": 7.15, "crs": 0.5826, "crs_lower": 0.2703, "crs_upper": 0.6695, "risk_tier": "high", "population": 13674, "colour": "#FF6D00" }, "geometry": { "type": "Polygon", "coordinates": [ [ [ 7.155, 4.675 ], [ 7.155, 4.685 ], [ 7.145, 4.685 ], [ 7.145, 4.675 ], [ 7.155, 4.675 ] ] ] } },
{ "type": "Feature", "properties": { "lat": 4.69, "lon": 7.06, "crs": 0.5426, "crs_lower": 0.4545, "crs_upper": 0.803, "risk_tier": "high", "population": 0, "colour": "#FF6D00" }, "geometry": { "type": "Polygon", "coordinates": [ [ [ 7.065, 4.685 ], [ 7.065, 4.695 ], [ 7.055, 4.695 ], [ 7.055, 4.685 ], [ 7.065, 4.685 ] ] ] } },
{ "type": "Feature", "properties": { "lat": 4.69, "lon": 7.07, "crs": 0.5884, "crs_lower": 0.514, "crs_upper": 0.8489, "risk_tier": "high", "population": 0, "colour": "#FF6D00" }, "geometry": { "type": "Polygon", "coordinates": [ [ [ 7.075, 4.685 ], [ 7.075, 4.695 ], [ 7.065, 4.695 ], [ 7.065, 4.685 ], [ 7.075, 4.685 ] ] ] } },
{ "type": "Feature", "properties": { "lat": 4.69, "lon": 7.08, "crs": 0.5919, "crs_lower": 0.515, "crs_upper": 0.8694, "risk_tier": "high", "population": 0, "colour": "#FF6D00" }, "geometry": { "type": "Polygon", "coordinates": [ [ [ 7.085, 4.685 ], [ 7.085, 4.695 ], [ 7.075, 4.695 ], [ 7.075, 4.685 ], [ 7.085, 4.685 ] ] ] } },
{ "type": "Feature", "properties": { "lat": 4.69, "lon": 7.09, "crs": 0.6537, "crs_lower": 0.5848, "crs_upper": 0.8895, "risk_tier": "high", "population": 0, "colour": "#FF6D00" }, "geometry": { "type": "Polygon", "coordinates": [ [ [ 7.095, 4.685 ], [ 7.095, 4.695 ], [ 7.085, 4.695 ], [ 7.085, 4.685 ], [ 7.095, 4.685 ] ] ] } },
{ "type": "Feature", "properties": { "lat": 4.69, "lon": 7.1, "crs": 0.697, "crs_lower": 0.5038, "crs_upper": 0.8553, "risk_tier": "high", "population": 0, "colour": "#FF6D00" }, "geometry": { "type": "Polygon", "coordinates": [ [ [ 7.105, 4.685 ], [ 7.105, 4.695 ], [ 7.095, 4.695 ], [ 7.095, 4.685 ], [ 7.105, 4.685 ] ] ] } },
{ "type": "Feature", "properties": { "lat": 4.69, "lon": 7.11, "crs": 0.6825, "crs_lower": 0.5161, "crs_upper": 0.8589, "risk_tier": "high", "population": 0, "colour": "#FF6D00" }, "geometry": { "type": "Polygon", "coordinates": [ [ [ 7.115, 4.685 ], [ 7.115, 4.695 ], [ 7.105, 4.695 ], [ 7.105, 4.685 ], [ 7.115, 4.685 ] ] ] } },
{ "type": "Feature", "properties": { "lat": 4.69, "lon": 7.12, "crs": 0.7005, "crs_lower": 0.4966, "crs_upper": 0.8466, "risk_tier": "high", "population": 0, "colour": "#FF6D00" }, "geometry": { "type": "Polygon", "coordinates": [ [ [ 7.125, 4.685 ], [ 7.125, 4.695 ], [ 7.115, 4.695 ], [ 7.115, 4.685 ], [ 7.125, 4.685 ] ] ] } },
{ "type": "Feature", "properties": { "lat": 4.69, "lon": 7.13, "crs": 0.8009, "crs_lower": 0.6674, "crs_upper": 0.9275, "risk_tier": "critical", "population": 0, "colour": "#FF1744" }, "geometry": { "type": "Polygon", "coordinates": [ [ [ 7.135, 4.685 ], [ 7.135, 4.695 ], [ 7.125, 4.695 ], [ 7.125, 4.685 ], [ 7.135, 4.685 ] ] ] } },
{ "type": "Feature", "properties": { "lat": 4.69, "lon": 7.14, "crs": 0.7477, "crs_lower": 0.5914, "crs_upper": 0.8878, "risk_tier": "high", "population": 0, "colour": "#FF6D00" }, "geometry": { "type": "Polygon", "coordinates": [ [ [ 7.145, 4.685 ], [ 7.145, 4.695 ], [ 7.135, 4.695 ], [ 7.135, 4.685 ], [ 7.145, 4.685 ] ] ] } },
{ "type": "Feature", "properties": { "lat": 4.69, "lon": 7.15, "crs": 0.6493, "crs_lower": 0.4429, "crs_upper": 0.7953, "risk_tier": "high", "population": 11345, "colour": "#FF6D00" }, "geometry": { "type": "Polygon", "coordinates": [ [ [ 7.155, 4.685 ], [ 7.155, 4.695 ], [ 7.145, 4.695 ], [ 7.145, 4.685 ], [ 7.155, 4.685 ] ] ] } },
{ "type": "Feature", "properties": { "lat": 4.69, "lon": 7.16, "crs": 0.5567, "crs_lower": 0.3379, "crs_upper": 0.7299, "risk_tier": "high", "population": 18331, "colour": "#FF6D00" }, "geometry": { "type": "Polygon", "coordinates": [ [ [ 7.165, 4.685 ], [ 7.165, 4.695 ], [ 7.155, 4.695 ], [ 7.155, 4.685 ], [ 7.165, 4.685 ] ] ] } },
{ "type": "Feature", "properties": { "lat": 4.7, "lon": 7.08, "crs": 0.5695, "crs_lower": 0.5207, "crs_upper": 0.8395, "risk_tier": "high", "population": 0, "colour": "#FF6D00" }, "geometry": { "type": "Polygon", "coordinates": [ [ [ 7.085, 4.695 ], [ 7.085, 4.705 ], [ 7.075, 4.705 ], [ 7.075, 4.695 ], [ 7.085, 4.695 ] ] ] } },
{ "type": "Feature", "properties": { "lat": 4.7, "lon": 7.09, "crs": 0.6084, "crs_lower": 0.5507, "crs_upper": 0.87, "risk_tier": "high", "population": 0, "colour": "#FF6D00" }, "geometry": { "type": "Polygon", "coordinates": [ [ [ 7.095, 4.695 ], [ 7.095, 4.705 ], [ 7.085, 4.705 ], [ 7.085, 4.695 ], [ 7.095, 4.695 ] ] ] } },
{ "type": "Feature", "properties": { "lat": 4.7, "lon": 7.1, "crs": 0.7263, "crs_lower": 0.5602, "crs_upper": 0.8893, "risk_tier": "high", "population": 0, "colour": "#FF6D00" }, "geometry": { "type": "Polygon", "coordinates": [ [ [ 7.105, 4.695 ], [ 7.105, 4.705 ], [ 7.095, 4.705 ], [ 7.095, 4.695 ], [ 7.105, 4.695 ] ] ] } },
{ "type": "Feature", "properties": { "lat": 4.7, "lon": 7.11, "crs": 0.7314, "crs_lower": 0.5853, "crs_upper": 0.8822, "risk_tier": "high", "population": 0, "colour": "#FF6D00" }, "geometry": { "type": "Polygon", "coordinates": [ [ [ 7.115, 4.695 ], [ 7.115, 4.705 ], [ 7.105, 4.705 ], [ 7.105, 4.695 ], [ 7.115, 4.695 ] ] ] } },
{ "type": "Feature", "properties": { "lat": 4.7, "lon": 7.12, "crs": 0.7382, "crs_lower": 0.5605, "crs_upper": 0.8775, "risk_tier": "high", "population": 0, "colour": "#FF6D00" }, "geometry": { "type": "Polygon", "coordinates": [ [ [ 7.125, 4.695 ], [ 7.125, 4.705 ], [ 7.115, 4.705 ], [ 7.115, 4.695 ], [ 7.125, 4.695 ] ] ] } },
{ "type": "Feature", "properties": { "lat": 4.7, "lon": 7.13, "crs": 0.7953, "crs_lower": 0.6819, "crs_upper": 0.9331, "risk_tier": "critical", "population": 0, "colour": "#FF1744" }, "geometry": { "type": "Polygon", "coordinates": [ [ [ 7.135, 4.695 ], [ 7.135, 4.705 ], [ 7.125, 4.705 ], [ 7.125, 4.695 ], [ 7.135, 4.695 ] ] ] } },
{ "type": "Feature", "properties": { "lat": 4.7, "lon": 7.14, "crs": 0.8245, "crs_lower": 0.7161, "crs_upper": 0.9467, "risk_tier": "critical", "population": 0, "colour": "#FF1744" }, "geometry": { "type": "Polygon", "coordinates": [ [ [ 7.145, 4.695 ], [ 7.145, 4.705 ], [ 7.135, 4.705 ], [ 7.135, 4.695 ], [ 7.145, 4.695 ] ] ] } },
{ "type": "Feature", "properties": { "lat": 4.7, "lon": 7.15, "crs": 0.8661, "crs_lower": 0.7392, "crs_upper": 0.9635, "risk_tier": "critical", "population": 8187, "colour": "#FF1744" }, "geometry": { "type": "Polygon", "coordinates": [ [ [ 7.155, 4.695 ], [ 7.155, 4.705 ], [ 7.145, 4.705 ], [ 7.145, 4.695 ], [ 7.155, 4.695 ] ] ] } },
{ "type": "Feature", "properties": { "lat": 4.7, "lon": 7.16, "crs": 0.8547, "crs_lower": 0.7196, "crs_upper": 0.9464, "risk_tier": "critical", "population": 18774, "colour": "#FF1744" }, "geometry": { "type": "Polygon", "coordinates": [ [ [ 7.165, 4.695 ], [ 7.165, 4.705 ], [ 7.155, 4.705 ], [ 7.155, 4.695 ], [ 7.165, 4.695 ] ] ] } },
{ "type": "Feature", "properties": { "lat": 4.7, "lon": 7.17, "crs": 0.5176, "crs_lower": 0.3382, "crs_upper": 0.7313, "risk_tier": "high", "population": 30143, "colour": "#FF6D00" }, "geometry": { "type": "Polygon", "coordinates": [ [ [ 7.175, 4.695 ], [ 7.175, 4.705 ], [ 7.165, 4.705 ], [ 7.165, 4.695 ], [ 7.175, 4.695 ] ] ] } },
{ "type": "Feature", "properties": { "lat": 4.71, "lon": 7.09, "crs": 0.549, "crs_lower": 0.5173, "crs_upper": 0.8788, "risk_tier": "high", "population": 331, "colour": "#FF6D00" }, "geometry": { "type": "Polygon", "coordinates": [ [ [ 7.095, 4.705 ], [ 7.095, 4.715 ], [ 7.085, 4.715 ], [ 7.085, 4.705 ], [ 7.095, 4.705 ] ] ] } },
{ "type": "Feature", "properties": { "lat": 4.71, "lon": 7.1, "crs": 0.6841, "crs_lower": 0.5163, "crs_upper": 0.8671, "risk_tier": "high", "population": 0, "colour": "#FF6D00" }, "geometry": { "type": "Polygon", "coordinates": [ [ [ 7.105, 4.705 ], [ 7.105, 4.715 ], [ 7.095, 4.715 ], [ 7.095, 4.705 ], [ 7.105, 4.705 ] ] ] } },
{ "type": "Feature", "properties": { "lat": 4.71, "lon": 7.11, "crs": 0.7994, "crs_lower": 0.6986, "crs_upper": 0.9333, "risk_tier": "critical", "population": 376, "colour": "#FF1744" }, "geometry": { "type": "Polygon", "coordinates": [ [ [ 7.115, 4.705 ], [ 7.115, 4.715 ], [ 7.105, 4.715 ], [ 7.105, 4.705 ], [ 7.115, 4.705 ] ] ] } },
{ "type": "Feature", "properties": { "lat": 4.71, "lon": 7.12, "crs": 0.8564, "crs_lower": 0.7224, "crs_upper": 0.9315, "risk_tier": "critical", "population": 0, "colour": "#FF1744" }, "geometry": { "type": "Polygon", "coordinates": [ [ [ 7.125, 4.705 ], [ 7.125, 4.715 ], [ 7.115, 4.715 ], [ 7.115, 4.705 ], [ 7.125, 4.705 ] ] ] } },
{ "type": "Feature", "properties": { "lat": 4.71, "lon": 7.13, "crs": 0.9084, "crs_lower": 0.7909, "crs_upper": 0.9567, "risk_tier": "critical", "population": 0, "colour": "#FF1744" }, "geometry": { "type": "Polygon", "coordinates": [ [ [ 7.135, 4.705 ], [ 7.135, 4.715 ], [ 7.125, 4.715 ], [ 7.125, 4.705 ], [ 7.135, 4.705 ] ] ] } },
{ "type": "Feature", "properties": { "lat": 4.71, "lon": 7.14, "crs": 0.9061, "crs_lower": 0.7964, "crs_upper": 0.9618, "risk_tier": "critical", "population": 1919, "colour": "#FF1744" }, "geometry": { "type": "Polygon", "coordinates": [ [ [ 7.145, 4.705 ], [ 7.145, 4.715 ], [ 7.135, 4.715 ], [ 7.135, 4.705 ], [ 7.145, 4.705 ] ] ] } },
{ "type": "Feature", "properties": { "lat": 4.71, "lon": 7.15, "crs": 0.8715, "crs_lower": 0.7244, "crs_upper": 0.9481, "risk_tier": "critical", "population": 5225, "colour": "#FF1744" }, "geometry": { "type": "Polygon", "coordinates": [ [ [ 7.155, 4.705 ], [ 7.155, 4.715 ], [ 7.145, 4.715 ], [ 7.145, 4.705 ], [ 7.155, 4.705 ] ] ] } },
{ "type": "Feature", "properties": { "lat": 4.71, "lon": 7.16, "crs": 0.7372, "crs_lower": 0.5998, "crs_upper": 0.9015, "risk_tier": "high", "population": 6487, "colour": "#FF6D00" }, "geometry": { "type": "Polygon", "coordinates": [ [ [ 7.165, 4.705 ], [ 7.165, 4.715 ], [ 7.155, 4.715 ], [ 7.155, 4.705 ], [ 7.165, 4.705 ] ] ] } },
{ "type": "Feature", "properties": { "lat": 4.72, "lon": 7.07, "crs": 0.5457, "crs_lower": 0.3493, "crs_upper": 0.7394, "risk_tier": "high", "population": 0, "colour": "#FF6D00" }, "geometry": { "type": "Polygon", "coordinates": [ [ [ 7.075, 4.715 ], [ 7.075, 4.725 ], [ 7.065, 4.725 ], [ 7.065, 4.715 ], [ 7.075, 4.715 ] ] ] } },
{ "type": "Feature", "properties": { "lat": 4.72, "lon": 7.09, "crs": 0.6884, "crs_lower": 0.3766, "crs_upper": 0.8064, "risk_tier": "high", "population": 909, "colour": "#FF6D00" }, "geometry": { "type": "Polygon", "coordinates": [ [ [ 7.095, 4.715 ], [ 7.095, 4.725 ], [ 7.085, 4.725 ], [ 7.085, 4.715 ], [ 7.095, 4.715 ] ] ] } },
{ "type": "Feature", "properties": { "lat": 4.72, "lon": 7.1, "crs": 0.8197, "crs_lower": 0.6079, "crs_upper": 0.8839, "risk_tier": "critical", "population": 0, "colour": "#FF1744" }, "geometry": { "type": "Polygon", "coordinates": [ [ [ 7.105, 4.715 ], [ 7.105, 4.725 ], [ 7.095, 4.725 ], [ 7.095, 4.715 ], [ 7.105, 4.715 ] ] ] } },
{ "type": "Feature", "properties": { "lat": 4.72, "lon": 7.11, "crs": 0.8642, "crs_lower": 0.6582, "crs_upper": 0.9134, "risk_tier": "critical", "population": 639, "colour": "#FF1744" }, "geometry": { "type": "Polygon", "coordinates": [ [ [ 7.115, 4.715 ], [ 7.115, 4.725 ], [ 7.105, 4.725 ], [ 7.105, 4.715 ], [ 7.115, 4.715 ] ] ] } },
{ "type": "Feature", "properties": { "lat": 4.72, "lon": 7.12, "crs": 0.9396, "crs_lower": 0.7881, "crs_upper": 0.9575, "risk_tier": "critical", "population": 1926, "colour": "#FF1744" }, "geometry": { "type": "Polygon", "coordinates": [ [ [ 7.125, 4.715 ], [ 7.125, 4.725 ], [ 7.115, 4.725 ], [ 7.115, 4.715 ], [ 7.125, 4.715 ] ] ] } },
{ "type": "Feature", "properties": { "lat": 4.72, "lon": 7.13, "crs": 0.959, "crs_lower": 0.7738, "crs_upper": 0.9622, "risk_tier": "critical", "population": 207, "colour": "#FF1744" }, "geometry": { "type": "Polygon", "coordinates": [ [ [ 7.135, 4.715 ], [ 7.135, 4.725 ], [ 7.125, 4.725 ], [ 7.125, 4.715 ], [ 7.135, 4.715 ] ] ] } },
{ "type": "Feature", "properties": { "lat": 4.72, "lon": 7.14, "crs": 0.9545, "crs_lower": 0.781, "crs_upper": 0.9589, "risk_tier": "critical", "population": 4765, "colour": "#FF1744" }, "geometry": { "type": "Polygon", "coordinates": [ [ [ 7.145, 4.715 ], [ 7.145, 4.725 ], [ 7.135, 4.725 ], [ 7.135, 4.715 ], [ 7.145, 4.715 ] ] ] } },
{ "type": "Feature", "properties": { "lat": 4.72, "lon": 7.15, "crs": 0.9606, "crs_lower": 0.713, "crs_upper": 0.9363, "risk_tier": "critical", "population": 13834, "colour": "#FF1744" }, "geometry": { "type": "Polygon", "coordinates": [ [ [ 7.155, 4.715 ], [ 7.155, 4.725 ], [ 7.145, 4.725 ], [ 7.145, 4.715 ], [ 7.155, 4.715 ] ] ] } },
{ "type": "Feature", "properties": { "lat": 4.72, "lon": 7.16, "crs": 0.8206, "crs_lower": 0.4135, "crs_upper": 0.8015, "risk_tier": "critical", "population": 11968, "colour": "#FF1744" }, "geometry": { "type": "Polygon", "coordinates": [ [ [ 7.165, 4.715 ], [ 7.165, 4.725 ], [ 7.155, 4.725 ], [ 7.155, 4.715 ], [ 7.165, 4.715 ] ] ] } },
{ "type": "Feature", "properties": { "lat": 4.73, "lon": 7.08, "crs": 0.5677, "crs_lower": 0.269, "crs_upper": 0.7494, "risk_tier": "high", "population": 9331, "colour": "#FF6D00" }, "geometry": { "type": "Polygon", "coordinates": [ [ [ 7.085, 4.725 ], [ 7.085, 4.735 ], [ 7.075, 4.735 ], [ 7.075, 4.725 ], [ 7.085, 4.725 ] ] ] } },
{ "type": "Feature", "properties": { "lat": 4.73, "lon": 7.09, "crs": 0.6179, "crs_lower": 0.4418, "crs_upper": 0.7677, "risk_tier": "high", "population": 1180, "colour": "#FF6D00" }, "geometry": { "type": "Polygon", "coordinates": [ [ [ 7.095, 4.725 ], [ 7.095, 4.735 ], [ 7.085, 4.735 ], [ 7.085, 4.725 ], [ 7.095, 4.725 ] ] ] } },
{ "type": "Feature", "properties": { "lat": 4.73, "lon": 7.1, "crs": 0.8298, "crs_lower": 0.6079, "crs_upper": 0.8832, "risk_tier": "critical", "population": 0, "colour": "#FF1744" }, "geometry": { "type": "Polygon", "coordinates": [ [ [ 7.105, 4.725 ], [ 7.105, 4.735 ], [ 7.095, 4.735 ], [ 7.095, 4.725 ], [ 7.105, 4.725 ] ] ] } },
{ "type": "Feature", "properties": { "lat": 4.73, "lon": 7.11, "crs": 0.8641, "crs_lower": 0.6262, "crs_upper": 0.904, "risk_tier": "critical", "population": 2388, "colour": "#FF1744" }, "geometry": { "type": "Polygon", "coordinates": [ [ [ 7.115, 4.725 ], [ 7.115, 4.735 ], [ 7.105, 4.735 ], [ 7.105, 4.725 ], [ 7.115, 4.725 ] ] ] } },
{ "type": "Feature", "properties": { "lat": 4.73, "lon": 7.12, "crs": 0.9577, "crs_lower": 0.7767, "crs_upper": 0.9572, "risk_tier": "critical", "population": 8921, "colour": "#FF1744" }, "geometry": { "type": "Polygon", "coordinates": [ [ [ 7.125, 4.725 ], [ 7.125, 4.735 ], [ 7.115, 4.735 ], [ 7.115, 4.725 ], [ 7.125, 4.725 ] ] ] } },
{ "type": "Feature", "properties": { "lat": 4.73, "lon": 7.13, "crs": 0.9645, "crs_lower": 0.7805, "crs_upper": 0.9629, "risk_tier": "critical", "population": 4400, "colour": "#FF1744" }, "geometry": { "type": "Polygon", "coordinates": [ [ [ 7.135, 4.725 ], [ 7.135, 4.735 ], [ 7.125, 4.735 ], [ 7.125, 4.725 ], [ 7.135, 4.725 ] ] ] } },
{ "type": "Feature", "properties": { "lat": 4.73, "lon": 7.14, "crs": 0.9556, "crs_lower": 0.7362, "crs_upper": 0.9552, "risk_tier": "critical", "population": 5175, "colour": "#FF1744" }, "geometry": { "type": "Polygon", "coordinates": [ [ [ 7.145, 4.725 ], [ 7.145, 4.735 ], [ 7.135, 4.735 ], [ 7.135, 4.725 ], [ 7.145, 4.725 ] ] ] } },
{ "type": "Feature", "properties": { "lat": 4.73, "lon": 7.15, "crs": 0.953, "crs_lower": 0.7385, "crs_upper": 0.9527, "risk_tier": "critical", "population": 11999, "colour": "#FF1744" }, "geometry": { "type": "Polygon", "coordinates": [ [ [ 7.155, 4.725 ], [ 7.155, 4.735 ], [ 7.145, 4.735 ], [ 7.145, 4.725 ], [ 7.155, 4.725 ] ] ] } },
{ "type": "Feature", "properties": { "lat": 4.73, "lon": 7.16, "crs": 0.9271, "crs_lower": 0.5348, "crs_upper": 0.9329, "risk_tier": "critical", "population": 8399, "colour": "#FF1744" }, "geometry": { "type": "Polygon", "coordinates": [ [ [ 7.165, 4.725 ], [ 7.165, 4.735 ], [ 7.155, 4.735 ], [ 7.155, 4.725 ], [ 7.165, 4.725 ] ] ] } },
{ "type": "Feature", "properties": { "lat": 4.73, "lon": 7.17, "crs": 0.5924, "crs_lower": 0.4011, "crs_upper": 0.7636, "risk_tier": "high", "population": 871, "colour": "#FF6D00" }, "geometry": { "type": "Polygon", "coordinates": [ [ [ 7.175, 4.725 ], [ 7.175, 4.735 ], [ 7.165, 4.735 ], [ 7.165, 4.725 ], [ 7.175, 4.725 ] ] ] } },
{ "type": "Feature", "properties": { "lat": 4.74, "lon": 5.91, "crs": 0.5042, "crs_lower": 0.4311, "crs_upper": 0.6288, "risk_tier": "high", "population": 0, "colour": "#FF6D00" }, "geometry": { "type": "Polygon", "coordinates": [ [ [ 5.915, 4.735 ], [ 5.915, 4.745 ], [ 5.905, 4.745 ], [ 5.905, 4.735 ], [ 5.915, 4.735 ] ] ] } },
{ "type": "Feature", "properties": { "lat": 4.74, "lon": 7.08, "crs": 0.5677, "crs_lower": 0.4112, "crs_upper": 0.7785, "risk_tier": "high", "population": 19768, "colour": "#FF6D00" }, "geometry": { "type": "Polygon", "coordinates": [ [ [ 7.085, 4.735 ], [ 7.085, 4.745 ], [ 7.075, 4.745 ], [ 7.075, 4.735 ], [ 7.085, 4.735 ] ] ] } },
{ "type": "Feature", "properties": { "lat": 4.74, "lon": 7.09, "crs": 0.6382, "crs_lower": 0.4705, "crs_upper": 0.8406, "risk_tier": "high", "population": 9761, "colour": "#FF6D00" }, "geometry": { "type": "Polygon", "coordinates": [ [ [ 7.095, 4.735 ], [ 7.095, 4.745 ], [ 7.085, 4.745 ], [ 7.085, 4.735 ], [ 7.095, 4.735 ] ] ] } },
{ "type": "Feature", "properties": { "lat": 4.74, "lon": 7.1, "crs": 0.7805, "crs_lower": 0.5148, "crs_upper": 0.8379, "risk_tier": "critical", "population": 5551, "colour": "#FF1744" }, "geometry": { "type": "Polygon", "coordinates": [ [ [ 7.105, 4.735 ], [ 7.105, 4.745 ], [ 7.095, 4.745 ], [ 7.095, 4.735 ], [ 7.105, 4.735 ] ] ] } },
{ "type": "Feature", "properties": { "lat": 4.74, "lon": 7.11, "crs": 0.9316, "crs_lower": 0.7837, "crs_upper": 0.9571, "risk_tier": "critical", "population": 19890, "colour": "#FF1744" }, "geometry": { "type": "Polygon", "coordinates": [ [ [ 7.115, 4.735 ], [ 7.115, 4.745 ], [ 7.105, 4.745 ], [ 7.105, 4.735 ], [ 7.115, 4.735 ] ] ] } },
{ "type": "Feature", "properties": { "lat": 4.74, "lon": 7.12, "crs": 0.9577, "crs_lower": 0.7624, "crs_upper": 0.9557, "risk_tier": "critical", "population": 14300, "colour": "#FF1744" }, "geometry": { "type": "Polygon", "coordinates": [ [ [ 7.125, 4.735 ], [ 7.125, 4.745 ], [ 7.115, 4.745 ], [ 7.115, 4.735 ], [ 7.125, 4.735 ] ] ] } },
{ "type": "Feature", "properties": { "lat": 4.74, "lon": 7.13, "crs": 0.9527, "crs_lower": 0.7426, "crs_upper": 0.9495, "risk_tier": "critical", "population": 979, "colour": "#FF1744" }, "geometry": { "type": "Polygon", "coordinates": [ [ [ 7.135, 4.735 ], [ 7.135, 4.745 ], [ 7.125, 4.745 ], [ 7.125, 4.735 ], [ 7.135, 4.735 ] ] ] } },
{ "type": "Feature", "properties": { "lat": 4.74, "lon": 7.14, "crs": 0.9568, "crs_lower": 0.7944, "crs_upper": 0.9604, "risk_tier": "critical", "population": 2964, "colour": "#FF1744" }, "geometry": { "type": "Polygon", "coordinates": [ [ [ 7.145, 4.735 ], [ 7.145, 4.745 ], [ 7.135, 4.745 ], [ 7.135, 4.735 ], [ 7.145, 4.735 ] ] ] } },
{ "type": "Feature", "properties": { "lat": 4.74, "lon": 7.15, "crs": 0.9417, "crs_lower": 0.7177, "crs_upper": 0.9494, "risk_tier": "critical", "population": 3975, "colour": "#FF1744" }, "geometry": { "type": "Polygon", "coordinates": [ [ [ 7.155, 4.735 ], [ 7.155, 4.745 ], [ 7.145, 4.745 ], [ 7.145, 4.735 ], [ 7.155, 4.735 ] ] ] } },
{ "type": "Feature", "properties": { "lat": 4.74, "lon": 7.16, "crs": 0.8741, "crs_lower": 0.6978, "crs_upper": 0.9489, "risk_tier": "critical", "population": 3925, "colour": "#FF1744" }, "geometry": { "type": "Polygon", "coordinates": [ [ [ 7.165, 4.735 ], [ 7.165, 4.745 ], [ 7.155, 4.745 ], [ 7.155, 4.735 ], [ 7.165, 4.735 ] ] ] } },
{ "type": "Feature", "properties": { "lat": 4.74, "lon": 7.17, "crs": 0.8316, "crs_lower": 0.6901, "crs_upper": 0.9487, "risk_tier": "critical", "population": 991, "colour": "#FF1744" }, "geometry": { "type": "Polygon", "coordinates": [ [ [ 7.175, 4.735 ], [ 7.175, 4.745 ], [ 7.165, 4.745 ], [ 7.165, 4.735 ], [ 7.175, 4.735 ] ] ] } },
{ "type": "Feature", "properties": { "lat": 4.74, "lon": 7.18, "crs": 0.7502, "crs_lower": 0.5965, "crs_upper": 0.8889, "risk_tier": "critical", "population": 0, "colour": "#FF1744" }, "geometry": { "type": "Polygon", "coordinates": [ [ [ 7.185, 4.735 ], [ 7.185, 4.745 ], [ 7.175, 4.745 ], [ 7.175, 4.735 ], [ 7.185, 4.735 ] ] ] } },
{ "type": "Feature", "properties": { "lat": 4.74, "lon": 7.19, "crs": 0.7381, "crs_lower": 0.5336, "crs_upper": 0.8583, "risk_tier": "high", "population": 1157, "colour": "#FF6D00" }, "geometry": { "type": "Polygon", "coordinates": [ [ [ 7.195, 4.735 ], [ 7.195, 4.745 ], [ 7.185, 4.745 ], [ 7.185, 4.735 ], [ 7.195, 4.735 ] ] ] } },
{ "type": "Feature", "properties": { "lat": 4.75, "lon": 6.02, "crs": 0.5042, "crs_lower": 0.4233, "crs_upper": 0.6288, "risk_tier": "high", "population": 0, "colour": "#FF6D00" }, "geometry": { "type": "Polygon", "coordinates": [ [ [ 6.025, 4.745 ], [ 6.025, 4.755 ], [ 6.015, 4.755 ], [ 6.015, 4.745 ], [ 6.025, 4.745 ] ] ] } },
{ "type": "Feature", "properties": { "lat": 4.75, "lon": 6.03, "crs": 0.5042, "crs_lower": 0.4199, "crs_upper": 0.6288, "risk_tier": "high", "population": 0, "colour": "#FF6D00" }, "geometry": { "type": "Polygon", "coordinates": [ [ [ 6.035, 4.745 ], [ 6.035, 4.755 ], [ 6.025, 4.755 ], [ 6.025, 4.745 ], [ 6.035, 4.745 ] ] ] } },
{ "type": "Feature", "properties": { "lat": 4.75, "lon": 7.07, "crs": 0.5935, "crs_lower": 0.424, "crs_upper": 0.8088, "risk_tier": "high", "population": 1518, "colour": "#FF6D00" }, "geometry": { "type": "Polygon", "coordinates": [ [ [ 7.075, 4.745 ], [ 7.075, 4.755 ], [ 7.065, 4.755 ], [ 7.065, 4.745 ], [ 7.075, 4.745 ] ] ] } },
{ "type": "Feature", "properties": { "lat": 4.75, "lon": 7.08, "crs": 0.7407, "crs_lower": 0.6226, "crs_upper": 0.91, "risk_tier": "high", "population": 11472, "colour": "#FF6D00" }, "geometry": { "type": "Polygon", "coordinates": [ [ [ 7.085, 4.745 ], [ 7.085, 4.755 ], [ 7.075, 4.755 ], [ 7.075, 4.745 ], [ 7.085, 4.745 ] ] ] } },
{ "type": "Feature", "properties": { "lat": 4.75, "lon": 7.09, "crs": 0.6587, "crs_lower": 0.4774, "crs_upper": 0.8305, "risk_tier": "high", "population": 8127, "colour": "#FF6D00" }, "geometry": { "type": "Polygon", "coordinates": [ [ [ 7.095, 4.745 ], [ 7.095, 4.755 ], [ 7.085, 4.755 ], [ 7.085, 4.745 ], [ 7.095, 4.745 ] ] ] } },
{ "type": "Feature", "properties": { "lat": 4.75, "lon": 7.1, "crs": 0.8007, "crs_lower": 0.5043, "crs_upper": 0.8495, "risk_tier": "critical", "population": 14200, "colour": "#FF1744" }, "geometry": { "type": "Polygon", "coordinates": [ [ [ 7.105, 4.745 ], [ 7.105, 4.755 ], [ 7.095, 4.755 ], [ 7.095, 4.745 ], [ 7.105, 4.745 ] ] ] } },
{ "type": "Feature", "properties": { "lat": 4.75, "lon": 7.11, "crs": 0.9194, "crs_lower": 0.764, "crs_upper": 0.9496, "risk_tier": "critical", "population": 24154, "colour": "#FF1744" }, "geometry": { "type": "Polygon", "coordinates": [ [ [ 7.115, 4.745 ], [ 7.115, 4.755 ], [ 7.105, 4.755 ], [ 7.105, 4.745 ], [ 7.115, 4.745 ] ] ] } },
{ "type": "Feature", "properties": { "lat": 4.75, "lon": 7.12, "crs": 0.9387, "crs_lower": 0.7477, "crs_upper": 0.9521, "risk_tier": "critical", "population": 10907, "colour": "#FF1744" }, "geometry": { "type": "Polygon", "coordinates": [ [ [ 7.125, 4.745 ], [ 7.125, 4.755 ], [ 7.115, 4.755 ], [ 7.115, 4.745 ], [ 7.125, 4.745 ] ] ] } },
{ "type": "Feature", "properties": { "lat": 4.75, "lon": 7.13, "crs": 0.9576, "crs_lower": 0.8034, "crs_upper": 0.9618, "risk_tier": "critical", "population": 894, "colour": "#FF1744" }, "geometry": { "type": "Polygon", "coordinates": [ [ [ 7.135, 4.745 ], [ 7.135, 4.755 ], [ 7.125, 4.755 ], [ 7.125, 4.745 ], [ 7.135, 4.745 ] ] ] } },
{ "type": "Feature", "properties": { "lat": 4.75, "lon": 7.14, "crs": 0.9475, "crs_lower": 0.7377, "crs_upper": 0.9477, "risk_tier": "critical", "population": 0, "colour": "#FF1744" }, "geometry": { "type": "Polygon", "coordinates": [ [ [ 7.145, 4.745 ], [ 7.145, 4.755 ], [ 7.135, 4.755 ], [ 7.135, 4.745 ], [ 7.145, 4.745 ] ] ] } },
{ "type": "Feature", "properties": { "lat": 4.75, "lon": 7.15, "crs": 0.903, "crs_lower": 0.7147, "crs_upper": 0.9371, "risk_tier": "critical", "population": 2190, "colour": "#FF1744" }, "geometry": { "type": "Polygon", "coordinates": [ [ [ 7.155, 4.745 ], [ 7.155, 4.755 ], [ 7.145, 4.755 ], [ 7.145, 4.745 ], [ 7.155, 4.745 ] ] ] } },
{ "type": "Feature", "properties": { "lat": 4.75, "lon": 7.16, "crs": 0.864, "crs_lower": 0.7157, "crs_upper": 0.9433, "risk_tier": "critical", "population": 7125, "colour": "#FF1744" }, "geometry": { "type": "Polygon", "coordinates": [ [ [ 7.165, 4.745 ], [ 7.165, 4.755 ], [ 7.155, 4.755 ], [ 7.155, 4.745 ], [ 7.165, 4.745 ] ] ] } },
{ "type": "Feature", "properties": { "lat": 4.75, "lon": 7.17, "crs": 0.8286, "crs_lower": 0.7182, "crs_upper": 0.9372, "risk_tier": "critical", "population": 519, "colour": "#FF1744" }, "geometry": { "type": "Polygon", "coordinates": [ [ [ 7.175, 4.745 ], [ 7.175, 4.755 ], [ 7.165, 4.755 ], [ 7.165, 4.745 ], [ 7.175, 4.745 ] ] ] } },
{ "type": "Feature", "properties": { "lat": 4.75, "lon": 7.18, "crs": 0.7681, "crs_lower": 0.6048, "crs_upper": 0.8803, "risk_tier": "critical", "population": 6202, "colour": "#FF1744" }, "geometry": { "type": "Polygon", "coordinates": [ [ [ 7.185, 4.745 ], [ 7.185, 4.755 ], [ 7.175, 4.755 ], [ 7.175, 4.745 ], [ 7.185, 4.745 ] ] ] } },
{ "type": "Feature", "properties": { "lat": 4.75, "lon": 7.19, "crs": 0.7653, "crs_lower": 0.5522, "crs_upper": 0.8838, "risk_tier": "critical", "population": 5399, "colour": "#FF1744" }, "geometry": { "type": "Polygon", "coordinates": [ [ [ 7.195, 4.745 ], [ 7.195, 4.755 ], [ 7.185, 4.755 ], [ 7.185, 4.745 ], [ 7.195, 4.745 ] ] ] } },
{ "type": "Feature", "properties": { "lat": 4.75, "lon": 7.2, "crs": 0.799, "crs_lower": 0.6608, "crs_upper": 0.9118, "risk_tier": "critical", "population": 6972, "colour": "#FF1744" }, "geometry": { "type": "Polygon", "coordinates": [ [ [ 7.205, 4.745 ], [ 7.205, 4.755 ], [ 7.195, 4.755 ], [ 7.195, 4.745 ], [ 7.205, 4.745 ] ] ] } },
{ "type": "Feature", "properties": { "lat": 4.76, "lon": 7.06, "crs": 0.5341, "crs_lower": 0.3681, "crs_upper": 0.7728, "risk_tier": "high", "population": 99, "colour": "#FF6D00" }, "geometry": { "type": "Polygon", "coordinates": [ [ [ 7.065, 4.755 ], [ 7.065, 4.765 ], [ 7.055, 4.765 ], [ 7.055, 4.755 ], [ 7.065, 4.755 ] ] ] } },
{ "type": "Feature", "properties": { "lat": 4.76, "lon": 7.07, "crs": 0.7461, "crs_lower": 0.6302, "crs_upper": 0.9108, "risk_tier": "high", "population": 7461, "colour": "#FF6D00" }, "geometry": { "type": "Polygon", "coordinates": [ [ [ 7.075, 4.755 ], [ 7.075, 4.765 ], [ 7.065, 4.765 ], [ 7.065, 4.755 ], [ 7.075, 4.755 ] ] ] } },
{ "type": "Feature", "properties": { "lat": 4.76, "lon": 7.08, "crs": 0.7224, "crs_lower": 0.5778, "crs_upper": 0.8808, "risk_tier": "high", "population": 10204, "colour": "#FF6D00" }, "geometry": { "type": "Polygon", "coordinates": [ [ [ 7.085, 4.755 ], [ 7.085, 4.765 ], [ 7.075, 4.765 ], [ 7.075, 4.755 ], [ 7.085, 4.755 ] ] ] } },
{ "type": "Feature", "properties": { "lat": 4.76, "lon": 7.09, "crs": 0.8343, "crs_lower": 0.6631, "crs_upper": 0.9299, "risk_tier": "critical", "population": 8074, "colour": "#FF1744" }, "geometry": { "type": "Polygon", "coordinates": [ [ [ 7.095, 4.755 ], [ 7.095, 4.765 ], [ 7.085, 4.765 ], [ 7.085, 4.755 ], [ 7.095, 4.755 ] ] ] } },
{ "type": "Feature", "properties": { "lat": 4.76, "lon": 7.1, "crs": 0.8073, "crs_lower": 0.6514, "crs_upper": 0.9208, "risk_tier": "critical", "population": 20140, "colour": "#FF1744" }, "geometry": { "type": "Polygon", "coordinates": [ [ [ 7.105, 4.755 ], [ 7.105, 4.765 ], [ 7.095, 4.765 ], [ 7.095, 4.755 ], [ 7.105, 4.755 ] ] ] } },
{ "type": "Feature", "properties": { "lat": 4.76, "lon": 7.11, "crs": 0.8067, "crs_lower": 0.6181, "crs_upper": 0.9006, "risk_tier": "critical", "population": 8861, "colour": "#FF1744" }, "geometry": { "type": "Polygon", "coordinates": [ [ [ 7.115, 4.755 ], [ 7.115, 4.765 ], [ 7.105, 4.765 ], [ 7.105, 4.755 ], [ 7.115, 4.755 ] ] ] } },
{ "type": "Feature", "properties": { "lat": 4.76, "lon": 7.12, "crs": 0.8833, "crs_lower": 0.7348, "crs_upper": 0.95, "risk_tier": "critical", "population": 3271, "colour": "#FF1744" }, "geometry": { "type": "Polygon", "coordinates": [ [ [ 7.125, 4.755 ], [ 7.125, 4.765 ], [ 7.115, 4.765 ], [ 7.115, 4.755 ], [ 7.125, 4.755 ] ] ] } },
{ "type": "Feature", "properties": { "lat": 4.76, "lon": 7.13, "crs": 0.8946, "crs_lower": 0.7272, "crs_upper": 0.9465, "risk_tier": "critical", "population": 149, "colour": "#FF1744" }, "geometry": { "type": "Polygon", "coordinates": [ [ [ 7.135, 4.755 ], [ 7.135, 4.765 ], [ 7.125, 4.765 ], [ 7.125, 4.755 ], [ 7.135, 4.755 ] ] ] } },
{ "type": "Feature", "properties": { "lat": 4.76, "lon": 7.14, "crs": 0.9313, "crs_lower": 0.7323, "crs_upper": 0.9435, "risk_tier": "critical", "population": 0, "colour": "#FF1744" }, "geometry": { "type": "Polygon", "coordinates": [ [ [ 7.145, 4.755 ], [ 7.145, 4.765 ], [ 7.135, 4.765 ], [ 7.135, 4.755 ], [ 7.145, 4.755 ] ] ] } },
{ "type": "Feature", "properties": { "lat": 4.76, "lon": 7.15, "crs": 0.8963, "crs_lower": 0.7274, "crs_upper": 0.939, "risk_tier": "critical", "population": 3244, "colour": "#FF1744" }, "geometry": { "type": "Polygon", "coordinates": [ [ [ 7.155, 4.755 ], [ 7.155, 4.765 ], [ 7.145, 4.765 ], [ 7.145, 4.755 ], [ 7.155, 4.755 ] ] ] } },
{ "type": "Feature", "properties": { "lat": 4.76, "lon": 7.16, "crs": 0.8363, "crs_lower": 0.7259, "crs_upper": 0.9384, "risk_tier": "critical", "population": 7837, "colour": "#FF1744" }, "geometry": { "type": "Polygon", "coordinates": [ [ [ 7.165, 4.755 ], [ 7.165, 4.765 ], [ 7.155, 4.765 ], [ 7.155, 4.755 ], [ 7.165, 4.755 ] ] ] } },
{ "type": "Feature", "properties": { "lat": 4.76, "lon": 7.17, "crs": 0.8716, "crs_lower": 0.7235, "crs_upper": 0.9402, "risk_tier": "critical", "population": 827, "colour": "#FF1744" }, "geometry": { "type": "Polygon", "coordinates": [ [ [ 7.175, 4.755 ], [ 7.175, 4.765 ], [ 7.165, 4.765 ], [ 7.165, 4.755 ], [ 7.175, 4.755 ] ] ] } },
{ "type": "Feature", "properties": { "lat": 4.76, "lon": 7.18, "crs": 0.8083, "crs_lower": 0.5959, "crs_upper": 0.8675, "risk_tier": "critical", "population": 4041, "colour": "#FF1744" }, "geometry": { "type": "Polygon", "coordinates": [ [ [ 7.185, 4.755 ], [ 7.185, 4.765 ], [ 7.175, 4.765 ], [ 7.175, 4.755 ], [ 7.185, 4.755 ] ] ] } },
{ "type": "Feature", "properties": { "lat": 4.76, "lon": 7.19, "crs": 0.7903, "crs_lower": 0.5724, "crs_upper": 0.8567, "risk_tier": "critical", "population": 834, "colour": "#FF1744" }, "geometry": { "type": "Polygon", "coordinates": [ [ [ 7.195, 4.755 ], [ 7.195, 4.765 ], [ 7.185, 4.765 ], [ 7.185, 4.755 ], [ 7.195, 4.755 ] ] ] } },
{ "type": "Feature", "properties": { "lat": 4.77, "lon": 7.06, "crs": 0.6389, "crs_lower": 0.6364, "crs_upper": 0.9102, "risk_tier": "high", "population": 6932, "colour": "#FF6D00" }, "geometry": { "type": "Polygon", "coordinates": [ [ [ 7.065, 4.765 ], [ 7.065, 4.775 ], [ 7.055, 4.775 ], [ 7.055, 4.765 ], [ 7.065, 4.765 ] ] ] } },
{ "type": "Feature", "properties": { "lat": 4.77, "lon": 7.07, "crs": 0.6333, "crs_lower": 0.5745, "crs_upper": 0.8879, "risk_tier": "high", "population": 0, "colour": "#FF6D00" }, "geometry": { "type": "Polygon", "coordinates": [ [ [ 7.075, 4.765 ], [ 7.075, 4.775 ], [ 7.065, 4.775 ], [ 7.065, 4.765 ], [ 7.075, 4.765 ] ] ] } },
{ "type": "Feature", "properties": { "lat": 4.77, "lon": 7.08, "crs": 0.7023, "crs_lower": 0.6466, "crs_upper": 0.9267, "risk_tier": "high", "population": 4817, "colour": "#FF6D00" }, "geometry": { "type": "Polygon", "coordinates": [ [ [ 7.085, 4.765 ], [ 7.085, 4.775 ], [ 7.075, 4.775 ], [ 7.075, 4.765 ], [ 7.085, 4.765 ] ] ] } },
{ "type": "Feature", "properties": { "lat": 4.77, "lon": 7.09, "crs": 0.6055, "crs_lower": 0.5241, "crs_upper": 0.8207, "risk_tier": "high", "population": 4178, "colour": "#FF6D00" }, "geometry": { "type": "Polygon", "coordinates": [ [ [ 7.095, 4.765 ], [ 7.095, 4.775 ], [ 7.085, 4.775 ], [ 7.085, 4.765 ], [ 7.095, 4.765 ] ] ] } },
{ "type": "Feature", "properties": { "lat": 4.77, "lon": 7.1, "crs": 0.7497, "crs_lower": 0.6168, "crs_upper": 0.9162, "risk_tier": "high", "population": 7931, "colour": "#FF6D00" }, "geometry": { "type": "Polygon", "coordinates": [ [ [ 7.105, 4.765 ], [ 7.105, 4.775 ], [ 7.095, 4.775 ], [ 7.095, 4.765 ], [ 7.105, 4.765 ] ] ] } },
{ "type": "Feature", "properties": { "lat": 4.77, "lon": 7.11, "crs": 0.758, "crs_lower": 0.6129, "crs_upper": 0.915, "risk_tier": "critical", "population": 2954, "colour": "#FF1744" }, "geometry": { "type": "Polygon", "coordinates": [ [ [ 7.115, 4.765 ], [ 7.115, 4.775 ], [ 7.105, 4.775 ], [ 7.105, 4.765 ], [ 7.115, 4.765 ] ] ] } },
{ "type": "Feature", "properties": { "lat": 4.77, "lon": 7.12, "crs": 0.8354, "crs_lower": 0.7118, "crs_upper": 0.9359, "risk_tier": "critical", "population": 2825, "colour": "#FF1744" }, "geometry": { "type": "Polygon", "coordinates": [ [ [ 7.125, 4.765 ], [ 7.125, 4.775 ], [ 7.115, 4.775 ], [ 7.115, 4.765 ], [ 7.125, 4.765 ] ] ] } },
{ "type": "Feature", "properties": { "lat": 4.77, "lon": 7.13, "crs": 0.8412, "crs_lower": 0.731, "crs_upper": 0.942, "risk_tier": "critical", "population": 3029, "colour": "#FF1744" }, "geometry": { "type": "Polygon", "coordinates": [ [ [ 7.135, 4.765 ], [ 7.135, 4.775 ], [ 7.125, 4.775 ], [ 7.125, 4.765 ], [ 7.135, 4.765 ] ] ] } },
{ "type": "Feature", "properties": { "lat": 4.77, "lon": 7.14, "crs": 0.8842, "crs_lower": 0.7189, "crs_upper": 0.9438, "risk_tier": "critical", "population": 1824, "colour": "#FF1744" }, "geometry": { "type": "Polygon", "coordinates": [ [ [ 7.145, 4.765 ], [ 7.145, 4.775 ], [ 7.135, 4.775 ], [ 7.135, 4.765 ], [ 7.145, 4.765 ] ] ] } },
{ "type": "Feature", "properties": { "lat": 4.77, "lon": 7.15, "crs": 0.8787, "crs_lower": 0.7189, "crs_upper": 0.9429, "risk_tier": "critical", "population": 5250, "colour": "#FF1744" }, "geometry": { "type": "Polygon", "coordinates": [ [ [ 7.155, 4.765 ], [ 7.155, 4.775 ], [ 7.145, 4.775 ], [ 7.145, 4.765 ], [ 7.155, 4.765 ] ] ] } },
{ "type": "Feature", "properties": { "lat": 4.77, "lon": 7.16, "crs": 0.8671, "crs_lower": 0.7275, "crs_upper": 0.9515, "risk_tier": "critical", "population": 2284, "colour": "#FF1744" }, "geometry": { "type": "Polygon", "coordinates": [ [ [ 7.165, 4.765 ], [ 7.165, 4.775 ], [ 7.155, 4.775 ], [ 7.155, 4.765 ], [ 7.165, 4.765 ] ] ] } },
{ "type": "Feature", "properties": { "lat": 4.77, "lon": 7.17, "crs": 0.8484, "crs_lower": 0.6738, "crs_upper": 0.9271, "risk_tier": "critical", "population": 82, "colour": "#FF1744" }, "geometry": { "type": "Polygon", "coordinates": [ [ [ 7.175, 4.765 ], [ 7.175, 4.775 ], [ 7.165, 4.775 ], [ 7.165, 4.765 ], [ 7.175, 4.765 ] ] ] } },
{ "type": "Feature", "properties": { "lat": 4.77, "lon": 7.18, "crs": 0.652, "crs_lower": 0.3433, "crs_upper": 0.757, "risk_tier": "high", "population": 0, "colour": "#FF6D00" }, "geometry": { "type": "Polygon", "coordinates": [ [ [ 7.185, 4.765 ], [ 7.185, 4.775 ], [ 7.175, 4.775 ], [ 7.175, 4.765 ], [ 7.185, 4.765 ] ] ] } },
{ "type": "Feature", "properties": { "lat": 4.77, "lon": 7.2, "crs": 0.6149, "crs_lower": 0.301, "crs_upper": 0.6798, "risk_tier": "high", "population": 0, "colour": "#FF6D00" }, "geometry": { "type": "Polygon", "coordinates": [ [ [ 7.205, 4.765 ], [ 7.205, 4.775 ], [ 7.195, 4.775 ], [ 7.195, 4.765 ], [ 7.205, 4.765 ] ] ] } },
{ "type": "Feature", "properties": { "lat": 4.78, "lon": 7.05, "crs": 0.6308, "crs_lower": 0.6169, "crs_upper": 0.8917, "risk_tier": "high", "population": 11612, "colour": "#FF6D00" }, "geometry": { "type": "Polygon", "coordinates": [ [ [ 7.055, 4.775 ], [ 7.055, 4.785 ], [ 7.045, 4.785 ], [ 7.045, 4.775 ], [ 7.055, 4.775 ] ] ] } },
{ "type": "Feature", "properties": { "lat": 4.78, "lon": 7.06, "crs": 0.5918, "crs_lower": 0.5976, "crs_upper": 0.882, "risk_tier": "high", "population": 12960, "colour": "#FF6D00" }, "geometry": { "type": "Polygon", "coordinates": [ [ [ 7.065, 4.775 ], [ 7.065, 4.785 ], [ 7.055, 4.785 ], [ 7.055, 4.775 ], [ 7.065, 4.775 ] ] ] } },
{ "type": "Feature", "properties": { "lat": 4.78, "lon": 7.07, "crs": 0.6344, "crs_lower": 0.6247, "crs_upper": 0.9114, "risk_tier": "high", "population": 0, "colour": "#FF6D00" }, "geometry": { "type": "Polygon", "coordinates": [ [ [ 7.075, 4.775 ], [ 7.075, 4.785 ], [ 7.065, 4.785 ], [ 7.065, 4.775 ], [ 7.075, 4.775 ] ] ] } },
{ "type": "Feature", "properties": { "lat": 4.78, "lon": 7.08, "crs": 0.5715, "crs_lower": 0.5215, "crs_upper": 0.8423, "risk_tier": "high", "population": 1978, "colour": "#FF6D00" }, "geometry": { "type": "Polygon", "coordinates": [ [ [ 7.085, 4.775 ], [ 7.085, 4.785 ], [ 7.075, 4.785 ], [ 7.075, 4.775 ], [ 7.085, 4.775 ] ] ] } },
{ "type": "Feature", "properties": { "lat": 4.78, "lon": 7.09, "crs": 0.6254, "crs_lower": 0.5884, "crs_upper": 0.8948, "risk_tier": "high", "population": 0, "colour": "#FF6D00" }, "geometry": { "type": "Polygon", "coordinates": [ [ [ 7.095, 4.775 ], [ 7.095, 4.785 ], [ 7.085, 4.785 ], [ 7.085, 4.775 ], [ 7.095, 4.775 ] ] ] } },
{ "type": "Feature", "properties": { "lat": 4.78, "lon": 7.1, "crs": 0.7148, "crs_lower": 0.6124, "crs_upper": 0.9078, "risk_tier": "high", "population": 0, "colour": "#FF6D00" }, "geometry": { "type": "Polygon", "coordinates": [ [ [ 7.105, 4.775 ], [ 7.105, 4.785 ], [ 7.095, 4.785 ], [ 7.095, 4.775 ], [ 7.105, 4.775 ] ] ] } },
{ "type": "Feature", "properties": { "lat": 4.78, "lon": 7.11, "crs": 0.7175, "crs_lower": 0.5977, "crs_upper": 0.9138, "risk_tier": "high", "population": 2636, "colour": "#FF6D00" }, "geometry": { "type": "Polygon", "coordinates": [ [ [ 7.115, 4.775 ], [ 7.115, 4.785 ], [ 7.105, 4.785 ], [ 7.105, 4.775 ], [ 7.115, 4.775 ] ] ] } },
{ "type": "Feature", "properties": { "lat": 4.78, "lon": 7.12, "crs": 0.7688, "crs_lower": 0.6219, "crs_upper": 0.8866, "risk_tier": "critical", "population": 7425, "colour": "#FF1744" }, "geometry": { "type": "Polygon", "coordinates": [ [ [ 7.125, 4.775 ], [ 7.125, 4.785 ], [ 7.115, 4.785 ], [ 7.115, 4.775 ], [ 7.125, 4.775 ] ] ] } },
{ "type": "Feature", "properties": { "lat": 4.78, "lon": 7.13, "crs": 0.8198, "crs_lower": 0.7349, "crs_upper": 0.9404, "risk_tier": "critical", "population": 7674, "colour": "#FF1744" }, "geometry": { "type": "Polygon", "coordinates": [ [ [ 7.135, 4.775 ], [ 7.135, 4.785 ], [ 7.125, 4.785 ], [ 7.125, 4.775 ], [ 7.135, 4.775 ] ] ] } },
{ "type": "Feature", "properties": { "lat": 4.78, "lon": 7.14, "crs": 0.841, "crs_lower": 0.7286, "crs_upper": 0.9461, "risk_tier": "critical", "population": 6603, "colour": "#FF1744" }, "geometry": { "type": "Polygon", "coordinates": [ [ [ 7.145, 4.775 ], [ 7.145, 4.785 ], [ 7.135, 4.785 ], [ 7.135, 4.775 ], [ 7.145, 4.775 ] ] ] } },
{ "type": "Feature", "properties": { "lat": 4.78, "lon": 7.15, "crs": 0.8759, "crs_lower": 0.7606, "crs_upper": 0.9496, "risk_tier": "critical", "population": 9480, "colour": "#FF1744" }, "geometry": { "type": "Polygon", "coordinates": [ [ [ 7.155, 4.775 ], [ 7.155, 4.785 ], [ 7.145, 4.785 ], [ 7.145, 4.775 ], [ 7.155, 4.775 ] ] ] } },
{ "type": "Feature", "properties": { "lat": 4.78, "lon": 7.16, "crs": 0.8618, "crs_lower": 0.7196, "crs_upper": 0.9443, "risk_tier": "critical", "population": 8715, "colour": "#FF1744" }, "geometry": { "type": "Polygon", "coordinates": [ [ [ 7.165, 4.775 ], [ 7.165, 4.785 ], [ 7.155, 4.785 ], [ 7.155, 4.775 ], [ 7.165, 4.775 ] ] ] } },
{ "type": "Feature", "properties": { "lat": 4.78, "lon": 7.17, "crs": 0.7685, "crs_lower": 0.6321, "crs_upper": 0.8998, "risk_tier": "critical", "population": 1176, "colour": "#FF1744" }, "geometry": { "type": "Polygon", "coordinates": [ [ [ 7.175, 4.775 ], [ 7.175, 4.785 ], [ 7.165, 4.785 ], [ 7.165, 4.775 ], [ 7.175, 4.775 ] ] ] } },
{ "type": "Feature", "properties": { "lat": 4.78, "lon": 7.18, "crs": 0.6963, "crs_lower": 0.5478, "crs_upper": 0.8328, "risk_tier": "high", "population": 227, "colour": "#FF6D00" }, "geometry": { "type": "Polygon", "coordinates": [ [ [ 7.185, 4.775 ], [ 7.185, 4.785 ], [ 7.175, 4.785 ], [ 7.175, 4.775 ], [ 7.185, 4.775 ] ] ] } },
{ "type": "Feature", "properties": { "lat": 4.78, "lon": 7.19, "crs": 0.6629, "crs_lower": 0.2522, "crs_upper": 0.7058, "risk_tier": "high", "population": 0, "colour": "#FF6D00" }, "geometry": { "type": "Polygon", "coordinates": [ [ [ 7.195, 4.775 ], [ 7.195, 4.785 ], [ 7.185, 4.785 ], [ 7.185, 4.775 ], [ 7.195, 4.775 ] ] ] } },
{ "type": "Feature", "properties": { "lat": 4.79, "lon": 7.05, "crs": 0.5389, "crs_lower": 0.5715, "crs_upper": 0.8797, "risk_tier": "high", "population": 12496, "colour": "#FF6D00" }, "geometry": { "type": "Polygon", "coordinates": [ [ [ 7.055, 4.785 ], [ 7.055, 4.795 ], [ 7.045, 4.795 ], [ 7.045, 4.785 ], [ 7.055, 4.785 ] ] ] } },
{ "type": "Feature", "properties": { "lat": 4.79, "lon": 7.07, "crs": 0.5003, "crs_lower": 0.4942, "crs_upper": 0.8448, "risk_tier": "high", "population": 4802, "colour": "#FF6D00" }, "geometry": { "type": "Polygon", "coordinates": [ [ [ 7.075, 4.785 ], [ 7.075, 4.795 ], [ 7.065, 4.795 ], [ 7.065, 4.785 ], [ 7.075, 4.785 ] ] ] } },
{ "type": "Feature", "properties": { "lat": 4.79, "lon": 7.08, "crs": 0.5601, "crs_lower": 0.562, "crs_upper": 0.8588, "risk_tier": "high", "population": 0, "colour": "#FF6D00" }, "geometry": { "type": "Polygon", "coordinates": [ [ [ 7.085, 4.785 ], [ 7.085, 4.795 ], [ 7.075, 4.795 ], [ 7.075, 4.785 ], [ 7.085, 4.785 ] ] ] } },
{ "type": "Feature", "properties": { "lat": 4.79, "lon": 7.09, "crs": 0.5412, "crs_lower": 0.5423, "crs_upper": 0.8869, "risk_tier": "high", "population": 50, "colour": "#FF6D00" }, "geometry": { "type": "Polygon", "coordinates": [ [ [ 7.095, 4.785 ], [ 7.095, 4.795 ], [ 7.085, 4.795 ], [ 7.085, 4.785 ], [ 7.095, 4.785 ] ] ] } },
{ "type": "Feature", "properties": { "lat": 4.79, "lon": 7.11, "crs": 0.5678, "crs_lower": 0.4642, "crs_upper": 0.8362, "risk_tier": "high", "population": 6577, "colour": "#FF6D00" }, "geometry": { "type": "Polygon", "coordinates": [ [ [ 7.115, 4.785 ], [ 7.115, 4.795 ], [ 7.105, 4.795 ], [ 7.105, 4.785 ], [ 7.115, 4.785 ] ] ] } },
{ "type": "Feature", "properties": { "lat": 4.79, "lon": 7.12, "crs": 0.7172, "crs_lower": 0.5531, "crs_upper": 0.8902, "risk_tier": "high", "population": 12601, "colour": "#FF6D00" }, "geometry": { "type": "Polygon", "coordinates": [ [ [ 7.125, 4.785 ], [ 7.125, 4.795 ], [ 7.115, 4.795 ], [ 7.115, 4.785 ], [ 7.125, 4.785 ] ] ] } },
{ "type": "Feature", "properties": { "lat": 4.79, "lon": 7.13, "crs": 0.7726, "crs_lower": 0.7583, "crs_upper": 0.9467, "risk_tier": "critical", "population": 8669, "colour": "#FF1744" }, "geometry": { "type": "Polygon", "coordinates": [ [ [ 7.135, 4.785 ], [ 7.135, 4.795 ], [ 7.125, 4.795 ], [ 7.125, 4.785 ], [ 7.135, 4.785 ] ] ] } },
{ "type": "Feature", "properties": { "lat": 4.79, "lon": 7.14, "crs": 0.7794, "crs_lower": 0.7055, "crs_upper": 0.9488, "risk_tier": "critical", "population": 4581, "colour": "#FF1744" }, "geometry": { "type": "Polygon", "coordinates": [ [ [ 7.145, 4.785 ], [ 7.145, 4.795 ], [ 7.135, 4.795 ], [ 7.135, 4.785 ], [ 7.145, 4.785 ] ] ] } },
{ "type": "Feature", "properties": { "lat": 4.79, "lon": 7.15, "crs": 0.8492, "crs_lower": 0.7195, "crs_upper": 0.9425, "risk_tier": "critical", "population": 4002, "colour": "#FF1744" }, "geometry": { "type": "Polygon", "coordinates": [ [ [ 7.155, 4.785 ], [ 7.155, 4.795 ], [ 7.145, 4.795 ], [ 7.145, 4.785 ], [ 7.155, 4.785 ] ] ] } },
{ "type": "Feature", "properties": { "lat": 4.79, "lon": 7.16, "crs": 0.7672, "crs_lower": 0.6182, "crs_upper": 0.8913, "risk_tier": "critical", "population": 4276, "colour": "#FF1744" }, "geometry": { "type": "Polygon", "coordinates": [ [ [ 7.165, 4.785 ], [ 7.165, 4.795 ], [ 7.155, 4.795 ], [ 7.155, 4.785 ], [ 7.165, 4.785 ] ] ] } },
{ "type": "Feature", "properties": { "lat": 4.79, "lon": 7.17, "crs": 0.8157, "crs_lower": 0.4774, "crs_upper": 0.8854, "risk_tier": "critical", "population": 1429, "colour": "#FF1744" }, "geometry": { "type": "Polygon", "coordinates": [ [ [ 7.175, 4.785 ], [ 7.175, 4.795 ], [ 7.165, 4.795 ], [ 7.165, 4.785 ], [ 7.175, 4.785 ] ] ] } },
{ "type": "Feature", "properties": { "lat": 4.79, "lon": 7.18, "crs": 0.5207, "crs_lower": 0.3832, "crs_upper": 0.7701, "risk_tier": "high", "population": 0, "colour": "#FF6D00" }, "geometry": { "type": "Polygon", "coordinates": [ [ [ 7.185, 4.785 ], [ 7.185, 4.795 ], [ 7.175, 4.795 ], [ 7.175, 4.785 ], [ 7.185, 4.785 ] ] ] } },
{ "type": "Feature", "properties": { "lat": 4.8, "lon": 7.15, "crs": 0.6286, "crs_lower": 0.437, "crs_upper": 0.7939, "risk_tier": "high", "population": 365, "colour": "#FF6D00" }, "geometry": { "type": "Polygon", "coordinates": [ [ [ 7.155, 4.795 ], [ 7.155, 4.805 ], [ 7.145, 4.805 ], [ 7.145, 4.795 ], [ 7.155, 4.795 ] ] ] } },
{ "type": "Feature", "properties": { "lat": 4.95, "lon": 6.56, "crs": 0.5099, "crs_lower": 0.5794, "crs_upper": 0.7242, "risk_tier": "high", "population": 0, "colour": "#FF6D00" }, "geometry": { "type": "Polygon", "coordinates": [ [ [ 6.565, 4.945 ], [ 6.565, 4.955 ], [ 6.555, 4.955 ], [ 6.555, 4.945 ], [ 6.565, 4.945 ] ] ] } },
{ "type": "Feature", "properties": { "lat": 4.95, "lon": 6.57, "crs": 0.5034, "crs_lower": 0.5775, "crs_upper": 0.7097, "risk_tier": "high", "population": 232, "colour": "#FF6D00" }, "geometry": { "type": "Polygon", "coordinates": [ [ [ 6.575, 4.945 ], [ 6.575, 4.955 ], [ 6.565, 4.955 ], [ 6.565, 4.945 ], [ 6.575, 4.945 ] ] ] } },
{ "type": "Feature", "properties": { "lat": 4.96, "lon": 6.56, "crs": 0.5033, "crs_lower": 0.5708, "crs_upper": 0.7097, "risk_tier": "high", "population": 658, "colour": "#FF6D00" }, "geometry": { "type": "Polygon", "coordinates": [ [ [ 6.565, 4.955 ], [ 6.565, 4.965 ], [ 6.555, 4.965 ], [ 6.555, 4.955 ], [ 6.565, 4.955 ] ] ] } },
{ "type": "Feature", "properties": { "lat": 4.96, "lon": 6.57, "crs": 0.5034, "crs_lower": 0.5708, "crs_upper": 0.7097, "risk_tier": "high", "population": 0, "colour": "#FF6D00" }, "geometry": { "type": "Polygon", "coordinates": [ [ [ 6.575, 4.955 ], [ 6.575, 4.965 ], [ 6.565, 4.965 ], [ 6.565, 4.955 ], [ 6.575, 4.955 ] ] ] } },
{ "type": "Feature", "properties": { "lat": 4.96, "lon": 6.59, "crs": 0.579, "crs_lower": 0.67, "crs_upper": 0.7874, "risk_tier": "high", "population": 8628, "colour": "#FF6D00" }, "geometry": { "type": "Polygon", "coordinates": [ [ [ 6.595, 4.955 ], [ 6.595, 4.965 ], [ 6.585, 4.965 ], [ 6.585, 4.955 ], [ 6.595, 4.955 ] ] ] } },
{ "type": "Feature", "properties": { "lat": 4.97, "lon": 6.55, "crs": 0.5033, "crs_lower": 0.5708, "crs_upper": 0.7097, "risk_tier": "high", "population": 0, "colour": "#FF6D00" }, "geometry": { "type": "Polygon", "coordinates": [ [ [ 6.555, 4.965 ], [ 6.555, 4.975 ], [ 6.545, 4.975 ], [ 6.545, 4.965 ], [ 6.555, 4.965 ] ] ] } },
{ "type": "Feature", "properties": { "lat": 4.97, "lon": 6.57, "crs": 0.5318, "crs_lower": 0.6419, "crs_upper": 0.7625, "risk_tier": "high", "population": 0, "colour": "#FF6D00" }, "geometry": { "type": "Polygon", "coordinates": [ [ [ 6.575, 4.965 ], [ 6.575, 4.975 ], [ 6.565, 4.975 ], [ 6.565, 4.965 ], [ 6.575, 4.965 ] ] ] } },
{ "type": "Feature", "properties": { "lat": 4.97, "lon": 6.58, "crs": 0.5836, "crs_lower": 0.7016, "crs_upper": 0.8109, "risk_tier": "high", "population": 36, "colour": "#FF6D00" }, "geometry": { "type": "Polygon", "coordinates": [ [ [ 6.585, 4.965 ], [ 6.585, 4.975 ], [ 6.575, 4.975 ], [ 6.575, 4.965 ], [ 6.585, 4.965 ] ] ] } },
{ "type": "Feature", "properties": { "lat": 4.97, "lon": 6.59, "crs": 0.5663, "crs_lower": 0.67, "crs_upper": 0.7874, "risk_tier": "high", "population": 121, "colour": "#FF6D00" }, "geometry": { "type": "Polygon", "coordinates": [ [ [ 6.595, 4.965 ], [ 6.595, 4.975 ], [ 6.585, 4.975 ], [ 6.585, 4.965 ], [ 6.595, 4.965 ] ] ] } },
{ "type": "Feature", "properties": { "lat": 4.97, "lon": 6.6, "crs": 0.6146, "crs_lower": 0.7177, "crs_upper": 0.8275, "risk_tier": "high", "population": 0, "colour": "#FF6D00" }, "geometry": { "type": "Polygon", "coordinates": [ [ [ 6.605, 4.965 ], [ 6.605, 4.975 ], [ 6.595, 4.975 ], [ 6.595, 4.965 ], [ 6.605, 4.965 ] ] ] } },
{ "type": "Feature", "properties": { "lat": 4.97, "lon": 6.61, "crs": 0.6106, "crs_lower": 0.712, "crs_upper": 0.8199, "risk_tier": "high", "population": 0, "colour": "#FF6D00" }, "geometry": { "type": "Polygon", "coordinates": [ [ [ 6.615, 4.965 ], [ 6.615, 4.975 ], [ 6.605, 4.975 ], [ 6.605, 4.965 ], [ 6.615, 4.965 ] ] ] } },
{ "type": "Feature", "properties": { "lat": 4.98, "lon": 6.55, "crs": 0.5033, "crs_lower": 0.5849, "crs_upper": 0.7097, "risk_tier": "high", "population": 0, "colour": "#FF6D00" }, "geometry": { "type": "Polygon", "coordinates": [ [ [ 6.555, 4.975 ], [ 6.555, 4.985 ], [ 6.545, 4.985 ], [ 6.545, 4.975 ], [ 6.555, 4.975 ] ] ] } },
{ "type": "Feature", "properties": { "lat": 4.98, "lon": 6.6, "crs": 0.6171, "crs_lower": 0.7212, "crs_upper": 0.8265, "risk_tier": "high", "population": 0, "colour": "#FF6D00" }, "geometry": { "type": "Polygon", "coordinates": [ [ [ 6.605, 4.975 ], [ 6.605, 4.985 ], [ 6.595, 4.985 ], [ 6.595, 4.975 ], [ 6.605, 4.975 ] ] ] } },
{ "type": "Feature", "properties": { "lat": 4.98, "lon": 6.61, "crs": 0.5999, "crs_lower": 0.7212, "crs_upper": 0.8305, "risk_tier": "high", "population": 0, "colour": "#FF6D00" }, "geometry": { "type": "Polygon", "coordinates": [ [ [ 6.615, 4.975 ], [ 6.615, 4.985 ], [ 6.605, 4.985 ], [ 6.605, 4.975 ], [ 6.615, 4.975 ] ] ] } },
{ "type": "Feature", "properties": { "lat": 4.98, "lon": 6.62, "crs": 0.5903, "crs_lower": 0.7084, "crs_upper": 0.821, "risk_tier": "high", "population": 0, "colour": "#FF6D00" }, "geometry": { "type": "Polygon", "coordinates": [ [ [ 6.625, 4.975 ], [ 6.625, 4.985 ], [ 6.615, 4.985 ], [ 6.615, 4.975 ], [ 6.625, 4.975 ] ] ] } },
{ "type": "Feature", "properties": { "lat": 4.99, "lon": 6.59, "crs": 0.5884, "crs_lower": 0.7059, "crs_upper": 0.8156, "risk_tier": "high", "population": 1212, "colour": "#FF6D00" }, "geometry": { "type": "Polygon", "coordinates": [ [ [ 6.595, 4.985 ], [ 6.595, 4.995 ], [ 6.585, 4.995 ], [ 6.585, 4.985 ], [ 6.595, 4.985 ] ] ] } },
{ "type": "Feature", "properties": { "lat": 4.99, "lon": 6.6, "crs": 0.6144, "crs_lower": 0.7405, "crs_upper": 0.8402, "risk_tier": "high", "population": 0, "colour": "#FF6D00" }, "geometry": { "type": "Polygon", "coordinates": [ [ [ 6.605, 4.985 ], [ 6.605, 4.995 ], [ 6.595, 4.995 ], [ 6.595, 4.985 ], [ 6.605, 4.985 ] ] ] } },
{ "type": "Feature", "properties": { "lat": 4.99, "lon": 6.61, "crs": 0.6144, "crs_lower": 0.7405, "crs_upper": 0.8402, "risk_tier": "high", "population": 0, "colour": "#FF6D00" }, "geometry": { "type": "Polygon", "coordinates": [ [ [ 6.615, 4.985 ], [ 6.615, 4.995 ], [ 6.605, 4.995 ], [ 6.605, 4.985 ], [ 6.615, 4.985 ] ] ] } },
{ "type": "Feature", "properties": { "lat": 4.99, "lon": 6.62, "crs": 0.5903, "crs_lower": 0.7084, "crs_upper": 0.821, "risk_tier": "high", "population": 0, "colour": "#FF6D00" }, "geometry": { "type": "Polygon", "coordinates": [ [ [ 6.625, 4.985 ], [ 6.625, 4.995 ], [ 6.615, 4.995 ], [ 6.615, 4.985 ], [ 6.625, 4.985 ] ] ] } },
{ "type": "Feature", "properties": { "lat": 4.99, "lon": 6.63, "crs": 0.593, "crs_lower": 0.712, "crs_upper": 0.8199, "risk_tier": "high", "population": 35, "colour": "#FF6D00" }, "geometry": { "type": "Polygon", "coordinates": [ [ [ 6.635, 4.985 ], [ 6.635, 4.995 ], [ 6.625, 4.995 ], [ 6.625, 4.985 ], [ 6.635, 4.985 ] ] ] } },
{ "type": "Feature", "properties": { "lat": 4.99, "lon": 6.64, "crs": 0.5047, "crs_lower": 0.5725, "crs_upper": 0.7161, "risk_tier": "high", "population": 0, "colour": "#FF6D00" }, "geometry": { "type": "Polygon", "coordinates": [ [ [ 6.645, 4.985 ], [ 6.645, 4.995 ], [ 6.635, 4.995 ], [ 6.635, 4.985 ], [ 6.645, 4.985 ] ] ] } },
{ "type": "Feature", "properties": { "lat": 5.0, "lon": 6.59, "crs": 0.5884, "crs_lower": 0.7059, "crs_upper": 0.8156, "risk_tier": "high", "population": 2742, "colour": "#FF6D00" }, "geometry": { "type": "Polygon", "coordinates": [ [ [ 6.595, 4.995 ], [ 6.595, 5.005 ], [ 6.585, 5.005 ], [ 6.585, 4.995 ], [ 6.595, 4.995 ] ] ] } },
{ "type": "Feature", "properties": { "lat": 5.0, "lon": 6.6, "crs": 0.6144, "crs_lower": 0.7461, "crs_upper": 0.8402, "risk_tier": "high", "population": 0, "colour": "#FF6D00" }, "geometry": { "type": "Polygon", "coordinates": [ [ [ 6.605, 4.995 ], [ 6.605, 5.005 ], [ 6.595, 5.005 ], [ 6.595, 4.995 ], [ 6.605, 4.995 ] ] ] } },
{ "type": "Feature", "properties": { "lat": 5.0, "lon": 6.61, "crs": 0.5885, "crs_lower": 0.7059, "crs_upper": 0.8156, "risk_tier": "high", "population": 0, "colour": "#FF6D00" }, "geometry": { "type": "Polygon", "coordinates": [ [ [ 6.615, 4.995 ], [ 6.615, 5.005 ], [ 6.605, 5.005 ], [ 6.605, 4.995 ], [ 6.615, 4.995 ] ] ] } },
{ "type": "Feature", "properties": { "lat": 5.0, "lon": 6.62, "crs": 0.5885, "crs_lower": 0.7059, "crs_upper": 0.8156, "risk_tier": "high", "population": 0, "colour": "#FF6D00" }, "geometry": { "type": "Polygon", "coordinates": [ [ [ 6.625, 4.995 ], [ 6.625, 5.005 ], [ 6.615, 5.005 ], [ 6.615, 4.995 ], [ 6.625, 4.995 ] ] ] } },
{ "type": "Feature", "properties": { "lat": 5.0, "lon": 6.63, "crs": 0.5999, "crs_lower": 0.7212, "crs_upper": 0.8265, "risk_tier": "high", "population": 302, "colour": "#FF6D00" }, "geometry": { "type": "Polygon", "coordinates": [ [ [ 6.635, 4.995 ], [ 6.635, 5.005 ], [ 6.625, 5.005 ], [ 6.625, 4.995 ], [ 6.635, 4.995 ] ] ] } },
{ "type": "Feature", "properties": { "lat": 5.0, "lon": 6.64, "crs": 0.5553, "crs_lower": 0.6758, "crs_upper": 0.7846, "risk_tier": "high", "population": 0, "colour": "#FF6D00" }, "geometry": { "type": "Polygon", "coordinates": [ [ [ 6.645, 4.995 ], [ 6.645, 5.005 ], [ 6.635, 5.005 ], [ 6.635, 4.995 ], [ 6.645, 4.995 ] ] ] } },
{ "type": "Feature", "properties": { "lat": 5.01, "lon": 6.59, "crs": 0.5884, "crs_lower": 0.7059, "crs_upper": 0.8156, "risk_tier": "high", "population": 769, "colour": "#FF6D00" }, "geometry": { "type": "Polygon", "coordinates": [ [ [ 6.595, 5.005 ], [ 6.595, 5.015 ], [ 6.585, 5.015 ], [ 6.585, 5.005 ], [ 6.595, 5.005 ] ] ] } },
{ "type": "Feature", "properties": { "lat": 5.01, "lon": 6.6, "crs": 0.6144, "crs_lower": 0.7436, "crs_upper": 0.8402, "risk_tier": "high", "population": 414, "colour": "#FF6D00" }, "geometry": { "type": "Polygon", "coordinates": [ [ [ 6.605, 5.005 ], [ 6.605, 5.015 ], [ 6.595, 5.015 ], [ 6.595, 5.005 ], [ 6.605, 5.005 ] ] ] } },
{ "type": "Feature", "properties": { "lat": 5.01, "lon": 6.61, "crs": 0.5885, "crs_lower": 0.7059, "crs_upper": 0.8156, "risk_tier": "high", "population": 0, "colour": "#FF6D00" }, "geometry": { "type": "Polygon", "coordinates": [ [ [ 6.615, 5.005 ], [ 6.615, 5.015 ], [ 6.605, 5.015 ], [ 6.605, 5.005 ], [ 6.615, 5.005 ] ] ] } },
{ "type": "Feature", "properties": { "lat": 5.01, "lon": 6.62, "crs": 0.6144, "crs_lower": 0.7405, "crs_upper": 0.8402, "risk_tier": "high", "population": 0, "colour": "#FF6D00" }, "geometry": { "type": "Polygon", "coordinates": [ [ [ 6.625, 5.005 ], [ 6.625, 5.015 ], [ 6.615, 5.015 ], [ 6.615, 5.005 ], [ 6.625, 5.005 ] ] ] } },
{ "type": "Feature", "properties": { "lat": 5.01, "lon": 6.63, "crs": 0.62, "crs_lower": 0.7405, "crs_upper": 0.8402, "risk_tier": "high", "population": 952, "colour": "#FF6D00" }, "geometry": { "type": "Polygon", "coordinates": [ [ [ 6.635, 5.005 ], [ 6.635, 5.015 ], [ 6.625, 5.015 ], [ 6.625, 5.005 ], [ 6.635, 5.005 ] ] ] } },
{ "type": "Feature", "properties": { "lat": 5.01, "lon": 6.64, "crs": 0.5733, "crs_lower": 0.662, "crs_upper": 0.7846, "risk_tier": "high", "population": 96, "colour": "#FF6D00" }, "geometry": { "type": "Polygon", "coordinates": [ [ [ 6.645, 5.005 ], [ 6.645, 5.015 ], [ 6.635, 5.015 ], [ 6.635, 5.005 ], [ 6.645, 5.005 ] ] ] } },
{ "type": "Feature", "properties": { "lat": 5.01, "lon": 6.65, "crs": 0.5733, "crs_lower": 0.662, "crs_upper": 0.7846, "risk_tier": "high", "population": 503, "colour": "#FF6D00" }, "geometry": { "type": "Polygon", "coordinates": [ [ [ 6.655, 5.005 ], [ 6.655, 5.015 ], [ 6.645, 5.015 ], [ 6.645, 5.005 ], [ 6.655, 5.005 ] ] ] } },
{ "type": "Feature", "properties": { "lat": 5.02, "lon": 6.56, "crs": 0.5836, "crs_lower": 0.7016, "crs_upper": 0.8109, "risk_tier": "high", "population": 1248, "colour": "#FF6D00" }, "geometry": { "type": "Polygon", "coordinates": [ [ [ 6.565, 5.015 ], [ 6.565, 5.025 ], [ 6.555, 5.025 ], [ 6.555, 5.015 ], [ 6.565, 5.015 ] ] ] } },
{ "type": "Feature", "properties": { "lat": 5.02, "lon": 6.57, "crs": 0.5884, "crs_lower": 0.7059, "crs_upper": 0.8156, "risk_tier": "high", "population": 15, "colour": "#FF6D00" }, "geometry": { "type": "Polygon", "coordinates": [ [ [ 6.575, 5.015 ], [ 6.575, 5.025 ], [ 6.565, 5.025 ], [ 6.565, 5.015 ], [ 6.575, 5.015 ] ] ] } },
{ "type": "Feature", "properties": { "lat": 5.02, "lon": 6.58, "crs": 0.6143, "crs_lower": 0.7405, "crs_upper": 0.8402, "risk_tier": "high", "population": 0, "colour": "#FF6D00" }, "geometry": { "type": "Polygon", "coordinates": [ [ [ 6.585, 5.015 ], [ 6.585, 5.025 ], [ 6.575, 5.025 ], [ 6.575, 5.015 ], [ 6.585, 5.015 ] ] ] } },
{ "type": "Feature", "properties": { "lat": 5.02, "lon": 6.59, "crs": 0.6307, "crs_lower": 0.7405, "crs_upper": 0.8402, "risk_tier": "high", "population": 522, "colour": "#FF6D00" }, "geometry": { "type": "Polygon", "coordinates": [ [ [ 6.595, 5.015 ], [ 6.595, 5.025 ], [ 6.585, 5.025 ], [ 6.585, 5.015 ], [ 6.595, 5.015 ] ] ] } },
{ "type": "Feature", "properties": { "lat": 5.02, "lon": 6.6, "crs": 0.6144, "crs_lower": 0.7405, "crs_upper": 0.8402, "risk_tier": "high", "population": 2231, "colour": "#FF6D00" }, "geometry": { "type": "Polygon", "coordinates": [ [ [ 6.605, 5.015 ], [ 6.605, 5.025 ], [ 6.595, 5.025 ], [ 6.595, 5.015 ], [ 6.605, 5.015 ] ] ] } },
{ "type": "Feature", "properties": { "lat": 5.02, "lon": 6.61, "crs": 0.6144, "crs_lower": 0.7405, "crs_upper": 0.8402, "risk_tier": "high", "population": 0, "colour": "#FF6D00" }, "geometry": { "type": "Polygon", "coordinates": [ [ [ 6.615, 5.015 ], [ 6.615, 5.025 ], [ 6.605, 5.025 ], [ 6.605, 5.015 ], [ 6.615, 5.015 ] ] ] } },
{ "type": "Feature", "properties": { "lat": 5.02, "lon": 6.62, "crs": 0.6307, "crs_lower": 0.7461, "crs_upper": 0.8402, "risk_tier": "high", "population": 0, "colour": "#FF6D00" }, "geometry": { "type": "Polygon", "coordinates": [ [ [ 6.625, 5.015 ], [ 6.625, 5.025 ], [ 6.615, 5.025 ], [ 6.615, 5.015 ], [ 6.625, 5.015 ] ] ] } },
{ "type": "Feature", "properties": { "lat": 5.02, "lon": 6.63, "crs": 0.6044, "crs_lower": 0.7175, "crs_upper": 0.8173, "risk_tier": "high", "population": 3481, "colour": "#FF6D00" }, "geometry": { "type": "Polygon", "coordinates": [ [ [ 6.635, 5.015 ], [ 6.635, 5.025 ], [ 6.625, 5.025 ], [ 6.625, 5.015 ], [ 6.635, 5.015 ] ] ] } },
{ "type": "Feature", "properties": { "lat": 5.02, "lon": 6.64, "crs": 0.6044, "crs_lower": 0.7032, "crs_upper": 0.8173, "risk_tier": "high", "population": 1610, "colour": "#FF6D00" }, "geometry": { "type": "Polygon", "coordinates": [ [ [ 6.645, 5.015 ], [ 6.645, 5.025 ], [ 6.635, 5.025 ], [ 6.635, 5.015 ], [ 6.645, 5.015 ] ] ] } },
{ "type": "Feature", "properties": { "lat": 5.02, "lon": 6.65, "crs": 0.5629, "crs_lower": 0.6721, "crs_upper": 0.7921, "risk_tier": "high", "population": 0, "colour": "#FF6D00" }, "geometry": { "type": "Polygon", "coordinates": [ [ [ 6.655, 5.015 ], [ 6.655, 5.025 ], [ 6.645, 5.025 ], [ 6.645, 5.015 ], [ 6.655, 5.015 ] ] ] } },
{ "type": "Feature", "properties": { "lat": 5.02, "lon": 6.66, "crs": 0.5553, "crs_lower": 0.662, "crs_upper": 0.7846, "risk_tier": "high", "population": 430, "colour": "#FF6D00" }, "geometry": { "type": "Polygon", "coordinates": [ [ [ 6.665, 5.015 ], [ 6.665, 5.025 ], [ 6.655, 5.025 ], [ 6.655, 5.015 ], [ 6.665, 5.015 ] ] ] } },
{ "type": "Feature", "properties": { "lat": 5.03, "lon": 6.48, "crs": 0.5127, "crs_lower": 0.6114, "crs_upper": 0.743, "risk_tier": "high", "population": 0, "colour": "#FF6D00" }, "geometry": { "type": "Polygon", "coordinates": [ [ [ 6.485, 5.025 ], [ 6.485, 5.035 ], [ 6.475, 5.035 ], [ 6.475, 5.025 ], [ 6.485, 5.025 ] ] ] } },
{ "type": "Feature", "properties": { "lat": 5.03, "lon": 6.55, "crs": 0.5033, "crs_lower": 0.5775, "crs_upper": 0.7097, "risk_tier": "high", "population": 56, "colour": "#FF6D00" }, "geometry": { "type": "Polygon", "coordinates": [ [ [ 6.555, 5.025 ], [ 6.555, 5.035 ], [ 6.545, 5.035 ], [ 6.545, 5.025 ], [ 6.555, 5.025 ] ] ] } },
{ "type": "Feature", "properties": { "lat": 5.03, "lon": 6.56, "crs": 0.5128, "crs_lower": 0.6114, "crs_upper": 0.743, "risk_tier": "high", "population": 0, "colour": "#FF6D00" }, "geometry": { "type": "Polygon", "coordinates": [ [ [ 6.565, 5.025 ], [ 6.565, 5.035 ], [ 6.555, 5.035 ], [ 6.555, 5.025 ], [ 6.565, 5.025 ] ] ] } },
{ "type": "Feature", "properties": { "lat": 5.03, "lon": 6.57, "crs": 0.6143, "crs_lower": 0.7405, "crs_upper": 0.8402, "risk_tier": "high", "population": 0, "colour": "#FF6D00" }, "geometry": { "type": "Polygon", "coordinates": [ [ [ 6.575, 5.025 ], [ 6.575, 5.035 ], [ 6.565, 5.035 ], [ 6.565, 5.025 ], [ 6.575, 5.025 ] ] ] } },
{ "type": "Feature", "properties": { "lat": 5.03, "lon": 6.58, "crs": 0.6603, "crs_lower": 0.7405, "crs_upper": 0.8402, "risk_tier": "high", "population": 0, "colour": "#FF6D00" }, "geometry": { "type": "Polygon", "coordinates": [ [ [ 6.585, 5.025 ], [ 6.585, 5.035 ], [ 6.575, 5.035 ], [ 6.575, 5.025 ], [ 6.585, 5.025 ] ] ] } },
{ "type": "Feature", "properties": { "lat": 5.03, "lon": 6.59, "crs": 0.6307, "crs_lower": 0.7551, "crs_upper": 0.8402, "risk_tier": "high", "population": 232, "colour": "#FF6D00" }, "geometry": { "type": "Polygon", "coordinates": [ [ [ 6.595, 5.025 ], [ 6.595, 5.035 ], [ 6.585, 5.035 ], [ 6.585, 5.025 ], [ 6.595, 5.025 ] ] ] } },
{ "type": "Feature", "properties": { "lat": 5.03, "lon": 6.6, "crs": 0.6307, "crs_lower": 0.7405, "crs_upper": 0.8402, "risk_tier": "high", "population": 2824, "colour": "#FF6D00" }, "geometry": { "type": "Polygon", "coordinates": [ [ [ 6.605, 5.025 ], [ 6.605, 5.035 ], [ 6.595, 5.035 ], [ 6.595, 5.025 ], [ 6.605, 5.025 ] ] ] } },
{ "type": "Feature", "properties": { "lat": 5.03, "lon": 6.61, "crs": 0.6307, "crs_lower": 0.7405, "crs_upper": 0.8402, "risk_tier": "high", "population": 186, "colour": "#FF6D00" }, "geometry": { "type": "Polygon", "coordinates": [ [ [ 6.615, 5.025 ], [ 6.615, 5.035 ], [ 6.605, 5.035 ], [ 6.605, 5.025 ], [ 6.615, 5.025 ] ] ] } },
{ "type": "Feature", "properties": { "lat": 5.03, "lon": 6.62, "crs": 0.6037, "crs_lower": 0.7023, "crs_upper": 0.8166, "risk_tier": "high", "population": 1065, "colour": "#FF6D00" }, "geometry": { "type": "Polygon", "coordinates": [ [ [ 6.625, 5.025 ], [ 6.625, 5.035 ], [ 6.615, 5.035 ], [ 6.615, 5.025 ], [ 6.625, 5.025 ] ] ] } },
{ "type": "Feature", "properties": { "lat": 5.03, "lon": 6.63, "crs": 0.5865, "crs_lower": 0.7032, "crs_upper": 0.8173, "risk_tier": "high", "population": 6280, "colour": "#FF6D00" }, "geometry": { "type": "Polygon", "coordinates": [ [ [ 6.635, 5.025 ], [ 6.635, 5.035 ], [ 6.625, 5.035 ], [ 6.625, 5.025 ], [ 6.635, 5.025 ] ] ] } },
{ "type": "Feature", "properties": { "lat": 5.03, "lon": 6.64, "crs": 0.5865, "crs_lower": 0.7032, "crs_upper": 0.8173, "risk_tier": "high", "population": 46, "colour": "#FF6D00" }, "geometry": { "type": "Polygon", "coordinates": [ [ [ 6.645, 5.025 ], [ 6.645, 5.035 ], [ 6.635, 5.035 ], [ 6.635, 5.025 ], [ 6.645, 5.025 ] ] ] } },
{ "type": "Feature", "properties": { "lat": 5.03, "lon": 6.65, "crs": 0.5538, "crs_lower": 0.6601, "crs_upper": 0.7831, "risk_tier": "high", "population": 0, "colour": "#FF6D00" }, "geometry": { "type": "Polygon", "coordinates": [ [ [ 6.655, 5.025 ], [ 6.655, 5.035 ], [ 6.645, 5.035 ], [ 6.645, 5.025 ], [ 6.655, 5.025 ] ] ] } },
{ "type": "Feature", "properties": { "lat": 5.03, "lon": 6.66, "crs": 0.5538, "crs_lower": 0.6601, "crs_upper": 0.7831, "risk_tier": "high", "population": 748, "colour": "#FF6D00" }, "geometry": { "type": "Polygon", "coordinates": [ [ [ 6.665, 5.025 ], [ 6.665, 5.035 ], [ 6.655, 5.035 ], [ 6.655, 5.025 ], [ 6.665, 5.025 ] ] ] } },
{ "type": "Feature", "properties": { "lat": 5.04, "lon": 6.47, "crs": 0.5884, "crs_lower": 0.7023, "crs_upper": 0.8166, "risk_tier": "high", "population": 0, "colour": "#FF6D00" }, "geometry": { "type": "Polygon", "coordinates": [ [ [ 6.475, 5.035 ], [ 6.475, 5.045 ], [ 6.465, 5.045 ], [ 6.465, 5.035 ], [ 6.475, 5.035 ] ] ] } },
{ "type": "Feature", "properties": { "lat": 5.04, "lon": 6.48, "crs": 0.5857, "crs_lower": 0.7023, "crs_upper": 0.8166, "risk_tier": "high", "population": 0, "colour": "#FF6D00" }, "geometry": { "type": "Polygon", "coordinates": [ [ [ 6.485, 5.035 ], [ 6.485, 5.045 ], [ 6.475, 5.045 ], [ 6.475, 5.035 ], [ 6.485, 5.035 ] ] ] } },
{ "type": "Feature", "properties": { "lat": 5.04, "lon": 6.49, "crs": 0.5884, "crs_lower": 0.7129, "crs_upper": 0.8156, "risk_tier": "high", "population": 0, "colour": "#FF6D00" }, "geometry": { "type": "Polygon", "coordinates": [ [ [ 6.495, 5.035 ], [ 6.495, 5.045 ], [ 6.485, 5.045 ], [ 6.485, 5.035 ], [ 6.495, 5.035 ] ] ] } },
{ "type": "Feature", "properties": { "lat": 5.04, "lon": 6.5, "crs": 0.5884, "crs_lower": 0.7059, "crs_upper": 0.8156, "risk_tier": "high", "population": 571, "colour": "#FF6D00" }, "geometry": { "type": "Polygon", "coordinates": [ [ [ 6.505, 5.035 ], [ 6.505, 5.045 ], [ 6.495, 5.045 ], [ 6.495, 5.035 ], [ 6.505, 5.035 ] ] ] } },
{ "type": "Feature", "properties": { "lat": 5.04, "lon": 6.56, "crs": 0.5708, "crs_lower": 0.6114, "crs_upper": 0.743, "risk_tier": "high", "population": 0, "colour": "#FF6D00" }, "geometry": { "type": "Polygon", "coordinates": [ [ [ 6.565, 5.035 ], [ 6.565, 5.045 ], [ 6.555, 5.045 ], [ 6.555, 5.035 ], [ 6.565, 5.035 ] ] ] } },
{ "type": "Feature", "properties": { "lat": 5.04, "lon": 6.57, "crs": 0.6556, "crs_lower": 0.7405, "crs_upper": 0.8402, "risk_tier": "high", "population": 447, "colour": "#FF6D00" }, "geometry": { "type": "Polygon", "coordinates": [ [ [ 6.575, 5.035 ], [ 6.575, 5.045 ], [ 6.565, 5.045 ], [ 6.565, 5.035 ], [ 6.575, 5.035 ] ] ] } },
{ "type": "Feature", "properties": { "lat": 5.04, "lon": 6.58, "crs": 0.6556, "crs_lower": 0.7405, "crs_upper": 0.8402, "risk_tier": "high", "population": 0, "colour": "#FF6D00" }, "geometry": { "type": "Polygon", "coordinates": [ [ [ 6.585, 5.035 ], [ 6.585, 5.045 ], [ 6.575, 5.045 ], [ 6.575, 5.035 ], [ 6.585, 5.035 ] ] ] } },
{ "type": "Feature", "properties": { "lat": 5.04, "lon": 6.59, "crs": 0.6063, "crs_lower": 0.7059, "crs_upper": 0.8156, "risk_tier": "high", "population": 0, "colour": "#FF6D00" }, "geometry": { "type": "Polygon", "coordinates": [ [ [ 6.595, 5.035 ], [ 6.595, 5.045 ], [ 6.585, 5.045 ], [ 6.585, 5.035 ], [ 6.595, 5.035 ] ] ] } },
{ "type": "Feature", "properties": { "lat": 5.04, "lon": 6.6, "crs": 0.6037, "crs_lower": 0.7023, "crs_upper": 0.8166, "risk_tier": "high", "population": 48, "colour": "#FF6D00" }, "geometry": { "type": "Polygon", "coordinates": [ [ [ 6.605, 5.035 ], [ 6.605, 5.045 ], [ 6.595, 5.045 ], [ 6.595, 5.035 ], [ 6.605, 5.035 ] ] ] } },
{ "type": "Feature", "properties": { "lat": 5.04, "lon": 6.61, "crs": 0.5919, "crs_lower": 0.7023, "crs_upper": 0.8166, "risk_tier": "high", "population": 0, "colour": "#FF6D00" }, "geometry": { "type": "Polygon", "coordinates": [ [ [ 6.615, 5.035 ], [ 6.615, 5.045 ], [ 6.605, 5.045 ], [ 6.605, 5.035 ], [ 6.615, 5.035 ] ] ] } },
{ "type": "Feature", "properties": { "lat": 5.04, "lon": 6.62, "crs": 0.5919, "crs_lower": 0.7023, "crs_upper": 0.8166, "risk_tier": "high", "population": 305, "colour": "#FF6D00" }, "geometry": { "type": "Polygon", "coordinates": [ [ [ 6.625, 5.035 ], [ 6.625, 5.045 ], [ 6.615, 5.045 ], [ 6.615, 5.035 ], [ 6.625, 5.035 ] ] ] } },
{ "type": "Feature", "properties": { "lat": 5.04, "lon": 6.63, "crs": 0.6044, "crs_lower": 0.7032, "crs_upper": 0.8173, "risk_tier": "high", "population": 1867, "colour": "#FF6D00" }, "geometry": { "type": "Polygon", "coordinates": [ [ [ 6.635, 5.035 ], [ 6.635, 5.045 ], [ 6.625, 5.045 ], [ 6.625, 5.035 ], [ 6.635, 5.035 ] ] ] } },
{ "type": "Feature", "properties": { "lat": 5.04, "lon": 6.64, "crs": 0.5865, "crs_lower": 0.7093, "crs_upper": 0.8173, "risk_tier": "high", "population": 0, "colour": "#FF6D00" }, "geometry": { "type": "Polygon", "coordinates": [ [ [ 6.645, 5.035 ], [ 6.645, 5.045 ], [ 6.635, 5.045 ], [ 6.635, 5.035 ], [ 6.645, 5.035 ] ] ] } },
{ "type": "Feature", "properties": { "lat": 5.04, "lon": 6.65, "crs": 0.5865, "crs_lower": 0.7032, "crs_upper": 0.8173, "risk_tier": "high", "population": 0, "colour": "#FF6D00" }, "geometry": { "type": "Polygon", "coordinates": [ [ [ 6.655, 5.035 ], [ 6.655, 5.045 ], [ 6.645, 5.045 ], [ 6.645, 5.035 ], [ 6.655, 5.035 ] ] ] } },
{ "type": "Feature", "properties": { "lat": 5.04, "lon": 6.66, "crs": 0.5538, "crs_lower": 0.6601, "crs_upper": 0.7831, "risk_tier": "high", "population": 56, "colour": "#FF6D00" }, "geometry": { "type": "Polygon", "coordinates": [ [ [ 6.665, 5.035 ], [ 6.665, 5.045 ], [ 6.655, 5.045 ], [ 6.655, 5.035 ], [ 6.665, 5.035 ] ] ] } },
{ "type": "Feature", "properties": { "lat": 5.05, "lon": 6.47, "crs": 0.5079, "crs_lower": 0.5237, "crs_upper": 0.6744, "risk_tier": "high", "population": 0, "colour": "#FF6D00" }, "geometry": { "type": "Polygon", "coordinates": [ [ [ 6.475, 5.045 ], [ 6.475, 5.055 ], [ 6.465, 5.055 ], [ 6.465, 5.045 ], [ 6.475, 5.045 ] ] ] } },
{ "type": "Feature", "properties": { "lat": 5.05, "lon": 6.48, "crs": 0.5111, "crs_lower": 0.528, "crs_upper": 0.6728, "risk_tier": "high", "population": 0, "colour": "#FF6D00" }, "geometry": { "type": "Polygon", "coordinates": [ [ [ 6.485, 5.045 ], [ 6.485, 5.055 ], [ 6.475, 5.055 ], [ 6.475, 5.045 ], [ 6.485, 5.045 ] ] ] } },
{ "type": "Feature", "properties": { "lat": 5.05, "lon": 6.54, "crs": 0.5033, "crs_lower": 0.5708, "crs_upper": 0.7097, "risk_tier": "high", "population": 4157, "colour": "#FF6D00" }, "geometry": { "type": "Polygon", "coordinates": [ [ [ 6.545, 5.045 ], [ 6.545, 5.055 ], [ 6.535, 5.055 ], [ 6.535, 5.045 ], [ 6.545, 5.045 ] ] ] } },
{ "type": "Feature", "properties": { "lat": 5.05, "lon": 6.55, "crs": 0.534, "crs_lower": 0.6114, "crs_upper": 0.743, "risk_tier": "high", "population": 48, "colour": "#FF6D00" }, "geometry": { "type": "Polygon", "coordinates": [ [ [ 6.555, 5.045 ], [ 6.555, 5.055 ], [ 6.545, 5.055 ], [ 6.545, 5.045 ], [ 6.555, 5.045 ] ] ] } },
{ "type": "Feature", "properties": { "lat": 5.05, "lon": 6.56, "crs": 0.5128, "crs_lower": 0.6114, "crs_upper": 0.743, "risk_tier": "high", "population": 310, "colour": "#FF6D00" }, "geometry": { "type": "Polygon", "coordinates": [ [ [ 6.565, 5.045 ], [ 6.565, 5.055 ], [ 6.555, 5.055 ], [ 6.555, 5.045 ], [ 6.565, 5.045 ] ] ] } },
{ "type": "Feature", "properties": { "lat": 5.05, "lon": 6.57, "crs": 0.6321, "crs_lower": 0.7032, "crs_upper": 0.8173, "risk_tier": "high", "population": 3705, "colour": "#FF6D00" }, "geometry": { "type": "Polygon", "coordinates": [ [ [ 6.575, 5.045 ], [ 6.575, 5.055 ], [ 6.565, 5.055 ], [ 6.565, 5.045 ], [ 6.575, 5.045 ] ] ] } },
{ "type": "Feature", "properties": { "lat": 5.05, "lon": 6.58, "crs": 0.6272, "crs_lower": 0.6715, "crs_upper": 0.7932, "risk_tier": "high", "population": 0, "colour": "#FF6D00" }, "geometry": { "type": "Polygon", "coordinates": [ [ [ 6.585, 5.045 ], [ 6.585, 5.055 ], [ 6.575, 5.055 ], [ 6.575, 5.045 ], [ 6.585, 5.045 ] ] ] } },
{ "type": "Feature", "properties": { "lat": 5.05, "lon": 6.59, "crs": 0.6044, "crs_lower": 0.716, "crs_upper": 0.8173, "risk_tier": "high", "population": 0, "colour": "#FF6D00" }, "geometry": { "type": "Polygon", "coordinates": [ [ [ 6.595, 5.045 ], [ 6.595, 5.055 ], [ 6.585, 5.055 ], [ 6.585, 5.045 ], [ 6.595, 5.045 ] ] ] } },
{ "type": "Feature", "properties": { "lat": 5.05, "lon": 6.6, "crs": 0.6037, "crs_lower": 0.7023, "crs_upper": 0.8166, "risk_tier": "high", "population": 0, "colour": "#FF6D00" }, "geometry": { "type": "Polygon", "coordinates": [ [ [ 6.605, 5.045 ], [ 6.605, 5.055 ], [ 6.595, 5.055 ], [ 6.595, 5.045 ], [ 6.605, 5.045 ] ] ] } },
{ "type": "Feature", "properties": { "lat": 5.05, "lon": 6.61, "crs": 0.5946, "crs_lower": 0.7059, "crs_upper": 0.8156, "risk_tier": "high", "population": 159, "colour": "#FF6D00" }, "geometry": { "type": "Polygon", "coordinates": [ [ [ 6.615, 5.045 ], [ 6.615, 5.055 ], [ 6.605, 5.055 ], [ 6.605, 5.045 ], [ 6.615, 5.045 ] ] ] } },
{ "type": "Feature", "properties": { "lat": 5.05, "lon": 6.62, "crs": 0.5858, "crs_lower": 0.7023, "crs_upper": 0.8166, "risk_tier": "high", "population": 1198, "colour": "#FF6D00" }, "geometry": { "type": "Polygon", "coordinates": [ [ [ 6.625, 5.045 ], [ 6.625, 5.055 ], [ 6.615, 5.055 ], [ 6.615, 5.045 ], [ 6.625, 5.045 ] ] ] } },
{ "type": "Feature", "properties": { "lat": 5.05, "lon": 6.63, "crs": 0.5919, "crs_lower": 0.7084, "crs_upper": 0.8166, "risk_tier": "high", "population": 331, "colour": "#FF6D00" }, "geometry": { "type": "Polygon", "coordinates": [ [ [ 6.635, 5.045 ], [ 6.635, 5.055 ], [ 6.625, 5.055 ], [ 6.625, 5.045 ], [ 6.635, 5.045 ] ] ] } },
{ "type": "Feature", "properties": { "lat": 5.05, "lon": 6.64, "crs": 0.5926, "crs_lower": 0.7093, "crs_upper": 0.8173, "risk_tier": "high", "population": 2557, "colour": "#FF6D00" }, "geometry": { "type": "Polygon", "coordinates": [ [ [ 6.645, 5.045 ], [ 6.645, 5.055 ], [ 6.635, 5.055 ], [ 6.635, 5.045 ], [ 6.645, 5.045 ] ] ] } },
{ "type": "Feature", "properties": { "lat": 5.05, "lon": 6.65, "crs": 0.5865, "crs_lower": 0.7032, "crs_upper": 0.8173, "risk_tier": "high", "population": 35, "colour": "#FF6D00" }, "geometry": { "type": "Polygon", "coordinates": [ [ [ 6.655, 5.045 ], [ 6.655, 5.055 ], [ 6.645, 5.055 ], [ 6.645, 5.045 ], [ 6.655, 5.045 ] ] ] } },
{ "type": "Feature", "properties": { "lat": 5.05, "lon": 6.66, "crs": 0.5538, "crs_lower": 0.6601, "crs_upper": 0.7831, "risk_tier": "high", "population": 0, "colour": "#FF6D00" }, "geometry": { "type": "Polygon", "coordinates": [ [ [ 6.665, 5.045 ], [ 6.665, 5.055 ], [ 6.655, 5.055 ], [ 6.655, 5.045 ], [ 6.665, 5.045 ] ] ] } },
{ "type": "Feature", "properties": { "lat": 5.06, "lon": 6.45, "crs": 0.5079, "crs_lower": 0.5237, "crs_upper": 0.6744, "risk_tier": "high", "population": 14297, "colour": "#FF6D00" }, "geometry": { "type": "Polygon", "coordinates": [ [ [ 6.455, 5.055 ], [ 6.455, 5.065 ], [ 6.445, 5.065 ], [ 6.445, 5.055 ], [ 6.455, 5.055 ] ] ] } },
{ "type": "Feature", "properties": { "lat": 5.06, "lon": 6.46, "crs": 0.5079, "crs_lower": 0.5237, "crs_upper": 0.6744, "risk_tier": "high", "population": 3760, "colour": "#FF6D00" }, "geometry": { "type": "Polygon", "coordinates": [ [ [ 6.465, 5.055 ], [ 6.465, 5.065 ], [ 6.455, 5.065 ], [ 6.455, 5.055 ], [ 6.465, 5.055 ] ] ] } },
{ "type": "Feature", "properties": { "lat": 5.06, "lon": 6.47, "crs": 0.5111, "crs_lower": 0.528, "crs_upper": 0.6728, "risk_tier": "high", "population": 3794, "colour": "#FF6D00" }, "geometry": { "type": "Polygon", "coordinates": [ [ [ 6.475, 5.055 ], [ 6.475, 5.065 ], [ 6.465, 5.065 ], [ 6.465, 5.055 ], [ 6.475, 5.055 ] ] ] } },
{ "type": "Feature", "properties": { "lat": 5.06, "lon": 6.48, "crs": 0.5423, "crs_lower": 0.5708, "crs_upper": 0.7097, "risk_tier": "high", "population": 0, "colour": "#FF6D00" }, "geometry": { "type": "Polygon", "coordinates": [ [ [ 6.485, 5.055 ], [ 6.485, 5.065 ], [ 6.475, 5.065 ], [ 6.475, 5.055 ], [ 6.485, 5.055 ] ] ] } },
{ "type": "Feature", "properties": { "lat": 5.06, "lon": 6.49, "crs": 0.5423, "crs_lower": 0.5708, "crs_upper": 0.7097, "risk_tier": "high", "population": 206, "colour": "#FF6D00" }, "geometry": { "type": "Polygon", "coordinates": [ [ [ 6.495, 5.055 ], [ 6.495, 5.065 ], [ 6.485, 5.065 ], [ 6.485, 5.055 ], [ 6.495, 5.055 ] ] ] } },
{ "type": "Feature", "properties": { "lat": 5.06, "lon": 6.52, "crs": 0.5033, "crs_lower": 0.5708, "crs_upper": 0.7097, "risk_tier": "high", "population": 810, "colour": "#FF6D00" }, "geometry": { "type": "Polygon", "coordinates": [ [ [ 6.525, 5.055 ], [ 6.525, 5.065 ], [ 6.515, 5.065 ], [ 6.515, 5.055 ], [ 6.525, 5.055 ] ] ] } },
{ "type": "Feature", "properties": { "lat": 5.06, "lon": 6.54, "crs": 0.5033, "crs_lower": 0.5849, "crs_upper": 0.7097, "risk_tier": "high", "population": 11915, "colour": "#FF6D00" }, "geometry": { "type": "Polygon", "coordinates": [ [ [ 6.545, 5.055 ], [ 6.545, 5.065 ], [ 6.535, 5.065 ], [ 6.535, 5.055 ], [ 6.545, 5.055 ] ] ] } },
{ "type": "Feature", "properties": { "lat": 5.06, "lon": 6.56, "crs": 0.5152, "crs_lower": 0.5237, "crs_upper": 0.6744, "risk_tier": "high", "population": 435, "colour": "#FF6D00" }, "geometry": { "type": "Polygon", "coordinates": [ [ [ 6.565, 5.055 ], [ 6.565, 5.065 ], [ 6.555, 5.065 ], [ 6.555, 5.055 ], [ 6.565, 5.055 ] ] ] } },
{ "type": "Feature", "properties": { "lat": 5.06, "lon": 6.57, "crs": 0.6467, "crs_lower": 0.7023, "crs_upper": 0.8166, "risk_tier": "high", "population": 2213, "colour": "#FF6D00" }, "geometry": { "type": "Polygon", "coordinates": [ [ [ 6.575, 5.055 ], [ 6.575, 5.065 ], [ 6.565, 5.065 ], [ 6.565, 5.055 ], [ 6.575, 5.055 ] ] ] } },
{ "type": "Feature", "properties": { "lat": 5.06, "lon": 6.58, "crs": 0.5816, "crs_lower": 0.6715, "crs_upper": 0.7932, "risk_tier": "high", "population": 231, "colour": "#FF6D00" }, "geometry": { "type": "Polygon", "coordinates": [ [ [ 6.585, 5.055 ], [ 6.585, 5.065 ], [ 6.575, 5.065 ], [ 6.575, 5.055 ], [ 6.585, 5.055 ] ] ] } },
{ "type": "Feature", "properties": { "lat": 5.06, "lon": 6.59, "crs": 0.5864, "crs_lower": 0.7032, "crs_upper": 0.8173, "risk_tier": "high", "population": 596, "colour": "#FF6D00" }, "geometry": { "type": "Polygon", "coordinates": [ [ [ 6.595, 5.055 ], [ 6.595, 5.065 ], [ 6.585, 5.065 ], [ 6.585, 5.055 ], [ 6.595, 5.055 ] ] ] } },
{ "type": "Feature", "properties": { "lat": 5.06, "lon": 6.6, "crs": 0.5865, "crs_lower": 0.7032, "crs_upper": 0.8173, "risk_tier": "high", "population": 0, "colour": "#FF6D00" }, "geometry": { "type": "Polygon", "coordinates": [ [ [ 6.605, 5.055 ], [ 6.605, 5.065 ], [ 6.595, 5.065 ], [ 6.595, 5.055 ], [ 6.605, 5.055 ] ] ] } },
{ "type": "Feature", "properties": { "lat": 5.06, "lon": 6.61, "crs": 0.5858, "crs_lower": 0.7023, "crs_upper": 0.8166, "risk_tier": "high", "population": 72, "colour": "#FF6D00" }, "geometry": { "type": "Polygon", "coordinates": [ [ [ 6.615, 5.055 ], [ 6.615, 5.065 ], [ 6.605, 5.065 ], [ 6.605, 5.055 ], [ 6.615, 5.055 ] ] ] } },
{ "type": "Feature", "properties": { "lat": 5.06, "lon": 6.62, "crs": 0.5885, "crs_lower": 0.7059, "crs_upper": 0.8156, "risk_tier": "high", "population": 447, "colour": "#FF6D00" }, "geometry": { "type": "Polygon", "coordinates": [ [ [ 6.625, 5.055 ], [ 6.625, 5.065 ], [ 6.615, 5.065 ], [ 6.615, 5.055 ], [ 6.625, 5.055 ] ] ] } },
{ "type": "Feature", "properties": { "lat": 5.06, "lon": 6.63, "crs": 0.6038, "crs_lower": 0.7023, "crs_upper": 0.8166, "risk_tier": "high", "population": 1046, "colour": "#FF6D00" }, "geometry": { "type": "Polygon", "coordinates": [ [ [ 6.635, 5.055 ], [ 6.635, 5.065 ], [ 6.625, 5.065 ], [ 6.625, 5.055 ], [ 6.635, 5.055 ] ] ] } },
{ "type": "Feature", "properties": { "lat": 5.06, "lon": 6.64, "crs": 0.6038, "crs_lower": 0.7183, "crs_upper": 0.8166, "risk_tier": "high", "population": 6702, "colour": "#FF6D00" }, "geometry": { "type": "Polygon", "coordinates": [ [ [ 6.645, 5.055 ], [ 6.645, 5.065 ], [ 6.635, 5.065 ], [ 6.635, 5.055 ], [ 6.645, 5.055 ] ] ] } },
{ "type": "Feature", "properties": { "lat": 5.06, "lon": 6.65, "crs": 0.5865, "crs_lower": 0.7032, "crs_upper": 0.8173, "risk_tier": "high", "population": 879, "colour": "#FF6D00" }, "geometry": { "type": "Polygon", "coordinates": [ [ [ 6.655, 5.055 ], [ 6.655, 5.065 ], [ 6.645, 5.065 ], [ 6.645, 5.055 ], [ 6.655, 5.055 ] ] ] } },
{ "type": "Feature", "properties": { "lat": 5.06, "lon": 6.66, "crs": 0.5538, "crs_lower": 0.6601, "crs_upper": 0.7831, "risk_tier": "high", "population": 2977, "colour": "#FF6D00" }, "geometry": { "type": "Polygon", "coordinates": [ [ [ 6.665, 5.055 ], [ 6.665, 5.065 ], [ 6.655, 5.065 ], [ 6.655, 5.055 ], [ 6.665, 5.055 ] ] ] } },
{ "type": "Feature", "properties": { "lat": 5.07, "lon": 6.44, "crs": 0.5079, "crs_lower": 0.5237, "crs_upper": 0.6744, "risk_tier": "high", "population": 8309, "colour": "#FF6D00" }, "geometry": { "type": "Polygon", "coordinates": [ [ [ 6.445, 5.065 ], [ 6.445, 5.075 ], [ 6.435, 5.075 ], [ 6.435, 5.065 ], [ 6.445, 5.065 ] ] ] } },
{ "type": "Feature", "properties": { "lat": 5.07, "lon": 6.45, "crs": 0.5079, "crs_lower": 0.5237, "crs_upper": 0.6744, "risk_tier": "high", "population": 5249, "colour": "#FF6D00" }, "geometry": { "type": "Polygon", "coordinates": [ [ [ 6.455, 5.065 ], [ 6.455, 5.075 ], [ 6.445, 5.075 ], [ 6.445, 5.065 ], [ 6.455, 5.065 ] ] ] } },
{ "type": "Feature", "properties": { "lat": 5.07, "lon": 6.46, "crs": 0.5111, "crs_lower": 0.528, "crs_upper": 0.6728, "risk_tier": "high", "population": 6153, "colour": "#FF6D00" }, "geometry": { "type": "Polygon", "coordinates": [ [ [ 6.465, 5.065 ], [ 6.465, 5.075 ], [ 6.455, 5.075 ], [ 6.455, 5.065 ], [ 6.465, 5.065 ] ] ] } },
{ "type": "Feature", "properties": { "lat": 5.07, "lon": 6.47, "crs": 0.5423, "crs_lower": 0.5708, "crs_upper": 0.7097, "risk_tier": "high", "population": 638, "colour": "#FF6D00" }, "geometry": { "type": "Polygon", "coordinates": [ [ [ 6.475, 5.065 ], [ 6.475, 5.075 ], [ 6.465, 5.075 ], [ 6.465, 5.065 ], [ 6.475, 5.065 ] ] ] } },
{ "type": "Feature", "properties": { "lat": 5.07, "lon": 6.48, "crs": 0.5423, "crs_lower": 0.5708, "crs_upper": 0.7097, "risk_tier": "high", "population": 0, "colour": "#FF6D00" }, "geometry": { "type": "Polygon", "coordinates": [ [ [ 6.485, 5.065 ], [ 6.485, 5.075 ], [ 6.475, 5.075 ], [ 6.475, 5.065 ], [ 6.485, 5.065 ] ] ] } },
{ "type": "Feature", "properties": { "lat": 5.07, "lon": 6.49, "crs": 0.5423, "crs_lower": 0.5708, "crs_upper": 0.7097, "risk_tier": "high", "population": 267, "colour": "#FF6D00" }, "geometry": { "type": "Polygon", "coordinates": [ [ [ 6.495, 5.065 ], [ 6.495, 5.075 ], [ 6.485, 5.075 ], [ 6.485, 5.065 ], [ 6.495, 5.065 ] ] ] } },
{ "type": "Feature", "properties": { "lat": 5.07, "lon": 6.54, "crs": 0.534, "crs_lower": 0.6114, "crs_upper": 0.743, "risk_tier": "high", "population": 4691, "colour": "#FF6D00" }, "geometry": { "type": "Polygon", "coordinates": [ [ [ 6.545, 5.065 ], [ 6.545, 5.075 ], [ 6.535, 5.075 ], [ 6.535, 5.065 ], [ 6.545, 5.065 ] ] ] } },
{ "type": "Feature", "properties": { "lat": 5.07, "lon": 6.56, "crs": 0.5587, "crs_lower": 0.5653, "crs_upper": 0.7101, "risk_tier": "high", "population": 1540, "colour": "#FF6D00" }, "geometry": { "type": "Polygon", "coordinates": [ [ [ 6.565, 5.065 ], [ 6.565, 5.075 ], [ 6.555, 5.075 ], [ 6.555, 5.065 ], [ 6.565, 5.065 ] ] ] } },
{ "type": "Feature", "properties": { "lat": 5.07, "lon": 6.57, "crs": 0.6467, "crs_lower": 0.7023, "crs_upper": 0.8166, "risk_tier": "high", "population": 522, "colour": "#FF6D00" }, "geometry": { "type": "Polygon", "coordinates": [ [ [ 6.575, 5.065 ], [ 6.575, 5.075 ], [ 6.565, 5.075 ], [ 6.565, 5.065 ], [ 6.575, 5.065 ] ] ] } },
{ "type": "Feature", "properties": { "lat": 5.07, "lon": 6.58, "crs": 0.5864, "crs_lower": 0.7032, "crs_upper": 0.8173, "risk_tier": "high", "population": 31, "colour": "#FF6D00" }, "geometry": { "type": "Polygon", "coordinates": [ [ [ 6.585, 5.065 ], [ 6.585, 5.075 ], [ 6.575, 5.075 ], [ 6.575, 5.065 ], [ 6.585, 5.065 ] ] ] } },
{ "type": "Feature", "properties": { "lat": 5.07, "lon": 6.59, "crs": 0.5719, "crs_lower": 0.6601, "crs_upper": 0.7831, "risk_tier": "high", "population": 47, "colour": "#FF6D00" }, "geometry": { "type": "Polygon", "coordinates": [ [ [ 6.595, 5.065 ], [ 6.595, 5.075 ], [ 6.585, 5.075 ], [ 6.585, 5.065 ], [ 6.595, 5.065 ] ] ] } },
{ "type": "Feature", "properties": { "lat": 5.07, "lon": 6.6, "crs": 0.5538, "crs_lower": 0.6601, "crs_upper": 0.7831, "risk_tier": "high", "population": 0, "colour": "#FF6D00" }, "geometry": { "type": "Polygon", "coordinates": [ [ [ 6.605, 5.065 ], [ 6.605, 5.075 ], [ 6.595, 5.075 ], [ 6.595, 5.065 ], [ 6.605, 5.065 ] ] ] } },
{ "type": "Feature", "properties": { "lat": 5.07, "lon": 6.61, "crs": 0.5865, "crs_lower": 0.7192, "crs_upper": 0.8173, "risk_tier": "high", "population": 267, "colour": "#FF6D00" }, "geometry": { "type": "Polygon", "coordinates": [ [ [ 6.615, 5.065 ], [ 6.615, 5.075 ], [ 6.605, 5.075 ], [ 6.605, 5.065 ], [ 6.615, 5.065 ] ] ] } },
{ "type": "Feature", "properties": { "lat": 5.07, "lon": 6.62, "crs": 0.5865, "crs_lower": 0.7032, "crs_upper": 0.8173, "risk_tier": "high", "population": 3346, "colour": "#FF6D00" }, "geometry": { "type": "Polygon", "coordinates": [ [ [ 6.625, 5.065 ], [ 6.625, 5.075 ], [ 6.615, 5.075 ], [ 6.615, 5.065 ], [ 6.625, 5.065 ] ] ] } },
{ "type": "Feature", "properties": { "lat": 5.07, "lon": 6.63, "crs": 0.5865, "crs_lower": 0.7032, "crs_upper": 0.8173, "risk_tier": "high", "population": 1109, "colour": "#FF6D00" }, "geometry": { "type": "Polygon", "coordinates": [ [ [ 6.635, 5.065 ], [ 6.635, 5.075 ], [ 6.625, 5.075 ], [ 6.625, 5.065 ], [ 6.635, 5.065 ] ] ] } },
{ "type": "Feature", "properties": { "lat": 5.07, "lon": 6.64, "crs": 0.5858, "crs_lower": 0.7023, "crs_upper": 0.8166, "risk_tier": "high", "population": 4665, "colour": "#FF6D00" }, "geometry": { "type": "Polygon", "coordinates": [ [ [ 6.645, 5.065 ], [ 6.645, 5.075 ], [ 6.635, 5.075 ], [ 6.635, 5.065 ], [ 6.645, 5.065 ] ] ] } },
{ "type": "Feature", "properties": { "lat": 5.07, "lon": 6.65, "crs": 0.5865, "crs_lower": 0.7032, "crs_upper": 0.8173, "risk_tier": "high", "population": 7970, "colour": "#FF6D00" }, "geometry": { "type": "Polygon", "coordinates": [ [ [ 6.655, 5.065 ], [ 6.655, 5.075 ], [ 6.645, 5.075 ], [ 6.645, 5.065 ], [ 6.655, 5.065 ] ] ] } },
{ "type": "Feature", "properties": { "lat": 5.07, "lon": 6.66, "crs": 0.5538, "crs_lower": 0.6601, "crs_upper": 0.7831, "risk_tier": "high", "population": 2644, "colour": "#FF6D00" }, "geometry": { "type": "Polygon", "coordinates": [ [ [ 6.665, 5.065 ], [ 6.665, 5.075 ], [ 6.655, 5.075 ], [ 6.655, 5.065 ], [ 6.665, 5.065 ] ] ] } },
{ "type": "Feature", "properties": { "lat": 5.08, "lon": 6.42, "crs": 0.5119, "crs_lower": 0.5248, "crs_upper": 0.6753, "risk_tier": "high", "population": 292, "colour": "#FF6D00" }, "geometry": { "type": "Polygon", "coordinates": [ [ [ 6.425, 5.075 ], [ 6.425, 5.085 ], [ 6.415, 5.085 ], [ 6.415, 5.075 ], [ 6.425, 5.075 ] ] ] } },
{ "type": "Feature", "properties": { "lat": 5.08, "lon": 6.43, "crs": 0.5079, "crs_lower": 0.5237, "crs_upper": 0.6744, "risk_tier": "high", "population": 293, "colour": "#FF6D00" }, "geometry": { "type": "Polygon", "coordinates": [ [ [ 6.435, 5.075 ], [ 6.435, 5.085 ], [ 6.425, 5.085 ], [ 6.425, 5.075 ], [ 6.435, 5.075 ] ] ] } },
{ "type": "Feature", "properties": { "lat": 5.08, "lon": 6.44, "crs": 0.5111, "crs_lower": 0.532, "crs_upper": 0.6728, "risk_tier": "high", "population": 133, "colour": "#FF6D00" }, "geometry": { "type": "Polygon", "coordinates": [ [ [ 6.445, 5.075 ], [ 6.445, 5.085 ], [ 6.435, 5.085 ], [ 6.435, 5.075 ], [ 6.445, 5.075 ] ] ] } },
{ "type": "Feature", "properties": { "lat": 5.08, "lon": 6.45, "crs": 0.5079, "crs_lower": 0.5237, "crs_upper": 0.6744, "risk_tier": "high", "population": 0, "colour": "#FF6D00" }, "geometry": { "type": "Polygon", "coordinates": [ [ [ 6.455, 5.075 ], [ 6.455, 5.085 ], [ 6.445, 5.085 ], [ 6.445, 5.075 ], [ 6.455, 5.075 ] ] ] } },
{ "type": "Feature", "properties": { "lat": 5.08, "lon": 6.46, "crs": 0.5423, "crs_lower": 0.5708, "crs_upper": 0.7097, "risk_tier": "high", "population": 7622, "colour": "#FF6D00" }, "geometry": { "type": "Polygon", "coordinates": [ [ [ 6.465, 5.075 ], [ 6.465, 5.085 ], [ 6.455, 5.085 ], [ 6.455, 5.075 ], [ 6.465, 5.075 ] ] ] } },
{ "type": "Feature", "properties": { "lat": 5.08, "lon": 6.47, "crs": 0.5624, "crs_lower": 0.5708, "crs_upper": 0.7097, "risk_tier": "high", "population": 966, "colour": "#FF6D00" }, "geometry": { "type": "Polygon", "coordinates": [ [ [ 6.475, 5.075 ], [ 6.475, 5.085 ], [ 6.465, 5.085 ], [ 6.465, 5.075 ], [ 6.475, 5.075 ] ] ] } },
{ "type": "Feature", "properties": { "lat": 5.08, "lon": 6.48, "crs": 0.5423, "crs_lower": 0.5775, "crs_upper": 0.7097, "risk_tier": "high", "population": 1959, "colour": "#FF6D00" }, "geometry": { "type": "Polygon", "coordinates": [ [ [ 6.485, 5.075 ], [ 6.485, 5.085 ], [ 6.475, 5.085 ], [ 6.475, 5.075 ], [ 6.485, 5.075 ] ] ] } },
{ "type": "Feature", "properties": { "lat": 5.08, "lon": 6.49, "crs": 0.5127, "crs_lower": 0.5228, "crs_upper": 0.666, "risk_tier": "high", "population": 210, "colour": "#FF6D00" }, "geometry": { "type": "Polygon", "coordinates": [ [ [ 6.495, 5.075 ], [ 6.495, 5.085 ], [ 6.485, 5.085 ], [ 6.485, 5.075 ], [ 6.495, 5.075 ] ] ] } },
{ "type": "Feature", "properties": { "lat": 5.08, "lon": 6.54, "crs": 0.534, "crs_lower": 0.6114, "crs_upper": 0.743, "risk_tier": "high", "population": 3024, "colour": "#FF6D00" }, "geometry": { "type": "Polygon", "coordinates": [ [ [ 6.545, 5.075 ], [ 6.545, 5.085 ], [ 6.535, 5.085 ], [ 6.535, 5.075 ], [ 6.545, 5.075 ] ] ] } },
{ "type": "Feature", "properties": { "lat": 5.08, "lon": 6.58, "crs": 0.5858, "crs_lower": 0.7084, "crs_upper": 0.8166, "risk_tier": "high", "population": 171, "colour": "#FF6D00" }, "geometry": { "type": "Polygon", "coordinates": [ [ [ 6.585, 5.075 ], [ 6.585, 5.085 ], [ 6.575, 5.085 ], [ 6.575, 5.075 ], [ 6.585, 5.075 ] ] ] } },
{ "type": "Feature", "properties": { "lat": 5.08, "lon": 6.59, "crs": 0.5719, "crs_lower": 0.6601, "crs_upper": 0.7831, "risk_tier": "high", "population": 1811, "colour": "#FF6D00" }, "geometry": { "type": "Polygon", "coordinates": [ [ [ 6.595, 5.075 ], [ 6.595, 5.085 ], [ 6.585, 5.085 ], [ 6.585, 5.075 ], [ 6.595, 5.075 ] ] ] } },
{ "type": "Feature", "properties": { "lat": 5.08, "lon": 6.6, "crs": 0.5538, "crs_lower": 0.6601, "crs_upper": 0.7831, "risk_tier": "high", "population": 220, "colour": "#FF6D00" }, "geometry": { "type": "Polygon", "coordinates": [ [ [ 6.605, 5.075 ], [ 6.605, 5.085 ], [ 6.595, 5.085 ], [ 6.595, 5.075 ], [ 6.605, 5.075 ] ] ] } },
{ "type": "Feature", "properties": { "lat": 5.08, "lon": 6.61, "crs": 0.5865, "crs_lower": 0.7102, "crs_upper": 0.8173, "risk_tier": "high", "population": 0, "colour": "#FF6D00" }, "geometry": { "type": "Polygon", "coordinates": [ [ [ 6.615, 5.075 ], [ 6.615, 5.085 ], [ 6.605, 5.085 ], [ 6.605, 5.075 ], [ 6.615, 5.075 ] ] ] } },
{ "type": "Feature", "properties": { "lat": 5.08, "lon": 6.62, "crs": 0.5865, "crs_lower": 0.7032, "crs_upper": 0.8173, "risk_tier": "high", "population": 641, "colour": "#FF6D00" }, "geometry": { "type": "Polygon", "coordinates": [ [ [ 6.625, 5.075 ], [ 6.625, 5.085 ], [ 6.615, 5.085 ], [ 6.615, 5.075 ], [ 6.625, 5.075 ] ] ] } },
{ "type": "Feature", "properties": { "lat": 5.08, "lon": 6.63, "crs": 0.5865, "crs_lower": 0.7032, "crs_upper": 0.8173, "risk_tier": "high", "population": 172, "colour": "#FF6D00" }, "geometry": { "type": "Polygon", "coordinates": [ [ [ 6.635, 5.075 ], [ 6.635, 5.085 ], [ 6.625, 5.085 ], [ 6.625, 5.075 ], [ 6.635, 5.075 ] ] ] } },
{ "type": "Feature", "properties": { "lat": 5.08, "lon": 6.64, "crs": 0.5625, "crs_lower": 0.6715, "crs_upper": 0.7932, "risk_tier": "high", "population": 3589, "colour": "#FF6D00" }, "geometry": { "type": "Polygon", "coordinates": [ [ [ 6.645, 5.075 ], [ 6.645, 5.085 ], [ 6.635, 5.085 ], [ 6.635, 5.075 ], [ 6.645, 5.075 ] ] ] } },
{ "type": "Feature", "properties": { "lat": 5.08, "lon": 6.65, "crs": 0.559, "crs_lower": 0.6601, "crs_upper": 0.7831, "risk_tier": "high", "population": 9636, "colour": "#FF6D00" }, "geometry": { "type": "Polygon", "coordinates": [ [ [ 6.655, 5.075 ], [ 6.655, 5.085 ], [ 6.645, 5.085 ], [ 6.645, 5.075 ], [ 6.655, 5.075 ] ] ] } },
{ "type": "Feature", "properties": { "lat": 5.09, "lon": 6.41, "crs": 0.5007, "crs_lower": 0.5248, "crs_upper": 0.6753, "risk_tier": "high", "population": 241, "colour": "#FF6D00" }, "geometry": { "type": "Polygon", "coordinates": [ [ [ 6.415, 5.085 ], [ 6.415, 5.095 ], [ 6.405, 5.095 ], [ 6.405, 5.085 ], [ 6.415, 5.085 ] ] ] } },
{ "type": "Feature", "properties": { "lat": 5.09, "lon": 6.42, "crs": 0.5111, "crs_lower": 0.5237, "crs_upper": 0.6744, "risk_tier": "high", "population": 0, "colour": "#FF6D00" }, "geometry": { "type": "Polygon", "coordinates": [ [ [ 6.425, 5.085 ], [ 6.425, 5.095 ], [ 6.415, 5.095 ], [ 6.415, 5.085 ], [ 6.425, 5.085 ] ] ] } },
{ "type": "Feature", "properties": { "lat": 5.09, "lon": 6.43, "crs": 0.5079, "crs_lower": 0.5237, "crs_upper": 0.6744, "risk_tier": "high", "population": 0, "colour": "#FF6D00" }, "geometry": { "type": "Polygon", "coordinates": [ [ [ 6.435, 5.085 ], [ 6.435, 5.095 ], [ 6.425, 5.095 ], [ 6.425, 5.085 ], [ 6.435, 5.085 ] ] ] } },
{ "type": "Feature", "properties": { "lat": 5.09, "lon": 6.44, "crs": 0.5079, "crs_lower": 0.5237, "crs_upper": 0.6744, "risk_tier": "high", "population": 0, "colour": "#FF6D00" }, "geometry": { "type": "Polygon", "coordinates": [ [ [ 6.445, 5.085 ], [ 6.445, 5.095 ], [ 6.435, 5.095 ], [ 6.435, 5.085 ], [ 6.445, 5.085 ] ] ] } },
{ "type": "Feature", "properties": { "lat": 5.09, "lon": 6.45, "crs": 0.5079, "crs_lower": 0.5237, "crs_upper": 0.6744, "risk_tier": "high", "population": 0, "colour": "#FF6D00" }, "geometry": { "type": "Polygon", "coordinates": [ [ [ 6.455, 5.085 ], [ 6.455, 5.095 ], [ 6.445, 5.095 ], [ 6.445, 5.085 ], [ 6.455, 5.085 ] ] ] } },
{ "type": "Feature", "properties": { "lat": 5.09, "lon": 6.46, "crs": 0.5325, "crs_lower": 0.528, "crs_upper": 0.6728, "risk_tier": "high", "population": 1114, "colour": "#FF6D00" }, "geometry": { "type": "Polygon", "coordinates": [ [ [ 6.465, 5.085 ], [ 6.465, 5.095 ], [ 6.455, 5.095 ], [ 6.455, 5.085 ], [ 6.465, 5.085 ] ] ] } },
{ "type": "Feature", "properties": { "lat": 5.09, "lon": 6.47, "crs": 0.5624, "crs_lower": 0.5775, "crs_upper": 0.7097, "risk_tier": "high", "population": 11881, "colour": "#FF6D00" }, "geometry": { "type": "Polygon", "coordinates": [ [ [ 6.475, 5.085 ], [ 6.475, 5.095 ], [ 6.465, 5.095 ], [ 6.465, 5.085 ], [ 6.475, 5.085 ] ] ] } },
{ "type": "Feature", "properties": { "lat": 5.09, "lon": 6.48, "crs": 0.5624, "crs_lower": 0.5708, "crs_upper": 0.7097, "risk_tier": "high", "population": 2323, "colour": "#FF6D00" }, "geometry": { "type": "Polygon", "coordinates": [ [ [ 6.485, 5.085 ], [ 6.485, 5.095 ], [ 6.475, 5.095 ], [ 6.475, 5.085 ], [ 6.485, 5.085 ] ] ] } },
{ "type": "Feature", "properties": { "lat": 5.09, "lon": 6.49, "crs": 0.5624, "crs_lower": 0.5708, "crs_upper": 0.7097, "risk_tier": "high", "population": 2127, "colour": "#FF6D00" }, "geometry": { "type": "Polygon", "coordinates": [ [ [ 6.495, 5.085 ], [ 6.495, 5.095 ], [ 6.485, 5.095 ], [ 6.485, 5.085 ], [ 6.495, 5.085 ] ] ] } },
{ "type": "Feature", "properties": { "lat": 5.09, "lon": 6.5, "crs": 0.5269, "crs_lower": 0.529, "crs_upper": 0.666, "risk_tier": "high", "population": 0, "colour": "#FF6D00" }, "geometry": { "type": "Polygon", "coordinates": [ [ [ 6.505, 5.085 ], [ 6.505, 5.095 ], [ 6.495, 5.095 ], [ 6.495, 5.085 ], [ 6.505, 5.085 ] ] ] } },
{ "type": "Feature", "properties": { "lat": 5.09, "lon": 6.53, "crs": 0.5033, "crs_lower": 0.5818, "crs_upper": 0.7097, "risk_tier": "high", "population": 1024, "colour": "#FF6D00" }, "geometry": { "type": "Polygon", "coordinates": [ [ [ 6.535, 5.085 ], [ 6.535, 5.095 ], [ 6.525, 5.095 ], [ 6.525, 5.085 ], [ 6.535, 5.085 ] ] ] } },
{ "type": "Feature", "properties": { "lat": 5.09, "lon": 6.54, "crs": 0.5033, "crs_lower": 0.5849, "crs_upper": 0.7097, "risk_tier": "high", "population": 3117, "colour": "#FF6D00" }, "geometry": { "type": "Polygon", "coordinates": [ [ [ 6.545, 5.085 ], [ 6.545, 5.095 ], [ 6.535, 5.095 ], [ 6.535, 5.085 ], [ 6.545, 5.085 ] ] ] } },
{ "type": "Feature", "properties": { "lat": 5.09, "lon": 6.55, "crs": 0.5034, "crs_lower": 0.5708, "crs_upper": 0.7097, "risk_tier": "high", "population": 447, "colour": "#FF6D00" }, "geometry": { "type": "Polygon", "coordinates": [ [ [ 6.555, 5.085 ], [ 6.555, 5.095 ], [ 6.545, 5.095 ], [ 6.545, 5.085 ], [ 6.555, 5.085 ] ] ] } },
{ "type": "Feature", "properties": { "lat": 5.09, "lon": 6.58, "crs": 0.6063, "crs_lower": 0.7059, "crs_upper": 0.8156, "risk_tier": "high", "population": 385, "colour": "#FF6D00" }, "geometry": { "type": "Polygon", "coordinates": [ [ [ 6.585, 5.085 ], [ 6.585, 5.095 ], [ 6.575, 5.095 ], [ 6.575, 5.085 ], [ 6.585, 5.085 ] ] ] } },
{ "type": "Feature", "properties": { "lat": 5.09, "lon": 6.59, "crs": 0.6044, "crs_lower": 0.7032, "crs_upper": 0.8173, "risk_tier": "high", "population": 1981, "colour": "#FF6D00" }, "geometry": { "type": "Polygon", "coordinates": [ [ [ 6.595, 5.085 ], [ 6.595, 5.095 ], [ 6.585, 5.095 ], [ 6.585, 5.085 ], [ 6.595, 5.085 ] ] ] } },
{ "type": "Feature", "properties": { "lat": 5.09, "lon": 6.6, "crs": 0.5865, "crs_lower": 0.7032, "crs_upper": 0.8173, "risk_tier": "high", "population": 1338, "colour": "#FF6D00" }, "geometry": { "type": "Polygon", "coordinates": [ [ [ 6.605, 5.085 ], [ 6.605, 5.095 ], [ 6.595, 5.095 ], [ 6.595, 5.085 ], [ 6.605, 5.085 ] ] ] } },
{ "type": "Feature", "properties": { "lat": 5.09, "lon": 6.61, "crs": 0.5865, "crs_lower": 0.7032, "crs_upper": 0.8173, "risk_tier": "high", "population": 790, "colour": "#FF6D00" }, "geometry": { "type": "Polygon", "coordinates": [ [ [ 6.615, 5.085 ], [ 6.615, 5.095 ], [ 6.605, 5.095 ], [ 6.605, 5.085 ], [ 6.615, 5.085 ] ] ] } },
{ "type": "Feature", "properties": { "lat": 5.09, "lon": 6.62, "crs": 0.5865, "crs_lower": 0.7032, "crs_upper": 0.8173, "risk_tier": "high", "population": 2149, "colour": "#FF6D00" }, "geometry": { "type": "Polygon", "coordinates": [ [ [ 6.625, 5.085 ], [ 6.625, 5.095 ], [ 6.615, 5.095 ], [ 6.615, 5.085 ], [ 6.625, 5.085 ] ] ] } },
{ "type": "Feature", "properties": { "lat": 5.09, "lon": 6.63, "crs": 0.5865, "crs_lower": 0.7032, "crs_upper": 0.8173, "risk_tier": "high", "population": 5696, "colour": "#FF6D00" }, "geometry": { "type": "Polygon", "coordinates": [ [ [ 6.635, 5.085 ], [ 6.635, 5.095 ], [ 6.625, 5.095 ], [ 6.625, 5.085 ], [ 6.635, 5.085 ] ] ] } },
{ "type": "Feature", "properties": { "lat": 5.09, "lon": 6.64, "crs": 0.5817, "crs_lower": 0.6715, "crs_upper": 0.7932, "risk_tier": "high", "population": 7013, "colour": "#FF6D00" }, "geometry": { "type": "Polygon", "coordinates": [ [ [ 6.645, 5.085 ], [ 6.645, 5.095 ], [ 6.635, 5.095 ], [ 6.635, 5.085 ], [ 6.645, 5.085 ] ] ] } },
{ "type": "Feature", "properties": { "lat": 5.1, "lon": 6.4, "crs": 0.5087, "crs_lower": 0.5248, "crs_upper": 0.6753, "risk_tier": "high", "population": 1248, "colour": "#FF6D00" }, "geometry": { "type": "Polygon", "coordinates": [ [ [ 6.405, 5.095 ], [ 6.405, 5.105 ], [ 6.395, 5.105 ], [ 6.395, 5.095 ], [ 6.405, 5.095 ] ] ] } },
{ "type": "Feature", "properties": { "lat": 5.1, "lon": 6.41, "crs": 0.5111, "crs_lower": 0.5237, "crs_upper": 0.6744, "risk_tier": "high", "population": 1028, "colour": "#FF6D00" }, "geometry": { "type": "Polygon", "coordinates": [ [ [ 6.415, 5.095 ], [ 6.415, 5.105 ], [ 6.405, 5.105 ], [ 6.405, 5.095 ], [ 6.415, 5.095 ] ] ] } },
{ "type": "Feature", "properties": { "lat": 5.1, "lon": 6.42, "crs": 0.5079, "crs_lower": 0.5237, "crs_upper": 0.6744, "risk_tier": "high", "population": 66, "colour": "#FF6D00" }, "geometry": { "type": "Polygon", "coordinates": [ [ [ 6.425, 5.095 ], [ 6.425, 5.105 ], [ 6.415, 5.105 ], [ 6.415, 5.095 ], [ 6.425, 5.095 ] ] ] } },
{ "type": "Feature", "properties": { "lat": 5.1, "lon": 6.43, "crs": 0.5079, "crs_lower": 0.5237, "crs_upper": 0.6744, "risk_tier": "high", "population": 0, "colour": "#FF6D00" }, "geometry": { "type": "Polygon", "coordinates": [ [ [ 6.435, 5.095 ], [ 6.435, 5.105 ], [ 6.425, 5.105 ], [ 6.425, 5.095 ], [ 6.435, 5.095 ] ] ] } },
{ "type": "Feature", "properties": { "lat": 5.1, "lon": 6.44, "crs": 0.5079, "crs_lower": 0.5237, "crs_upper": 0.6744, "risk_tier": "high", "population": 0, "colour": "#FF6D00" }, "geometry": { "type": "Polygon", "coordinates": [ [ [ 6.445, 5.095 ], [ 6.445, 5.105 ], [ 6.435, 5.105 ], [ 6.435, 5.095 ], [ 6.445, 5.095 ] ] ] } },
{ "type": "Feature", "properties": { "lat": 5.1, "lon": 6.45, "crs": 0.5079, "crs_lower": 0.5381, "crs_upper": 0.6744, "risk_tier": "high", "population": 0, "colour": "#FF6D00" }, "geometry": { "type": "Polygon", "coordinates": [ [ [ 6.455, 5.095 ], [ 6.455, 5.105 ], [ 6.445, 5.105 ], [ 6.445, 5.095 ], [ 6.455, 5.095 ] ] ] } },
{ "type": "Feature", "properties": { "lat": 5.1, "lon": 6.46, "crs": 0.5325, "crs_lower": 0.5348, "crs_upper": 0.6728, "risk_tier": "high", "population": 300, "colour": "#FF6D00" }, "geometry": { "type": "Polygon", "coordinates": [ [ [ 6.465, 5.095 ], [ 6.465, 5.105 ], [ 6.455, 5.105 ], [ 6.455, 5.095 ], [ 6.465, 5.095 ] ] ] } },
{ "type": "Feature", "properties": { "lat": 5.1, "lon": 6.47, "crs": 0.5624, "crs_lower": 0.5708, "crs_upper": 0.7097, "risk_tier": "high", "population": 167, "colour": "#FF6D00" }, "geometry": { "type": "Polygon", "coordinates": [ [ [ 6.475, 5.095 ], [ 6.475, 5.105 ], [ 6.465, 5.105 ], [ 6.465, 5.095 ], [ 6.475, 5.095 ] ] ] } },
{ "type": "Feature", "properties": { "lat": 5.1, "lon": 6.48, "crs": 0.5624, "crs_lower": 0.5708, "crs_upper": 0.7097, "risk_tier": "high", "population": 4189, "colour": "#FF6D00" }, "geometry": { "type": "Polygon", "coordinates": [ [ [ 6.485, 5.095 ], [ 6.485, 5.105 ], [ 6.475, 5.105 ], [ 6.475, 5.095 ], [ 6.485, 5.095 ] ] ] } },
{ "type": "Feature", "properties": { "lat": 5.1, "lon": 6.49, "crs": 0.5269, "crs_lower": 0.5228, "crs_upper": 0.666, "risk_tier": "high", "population": 3634, "colour": "#FF6D00" }, "geometry": { "type": "Polygon", "coordinates": [ [ [ 6.495, 5.095 ], [ 6.495, 5.105 ], [ 6.485, 5.105 ], [ 6.485, 5.095 ], [ 6.495, 5.095 ] ] ] } },
{ "type": "Feature", "properties": { "lat": 5.1, "lon": 6.54, "crs": 0.5034, "crs_lower": 0.5708, "crs_upper": 0.7097, "risk_tier": "high", "population": 1403, "colour": "#FF6D00" }, "geometry": { "type": "Polygon", "coordinates": [ [ [ 6.545, 5.095 ], [ 6.545, 5.105 ], [ 6.535, 5.105 ], [ 6.535, 5.095 ], [ 6.545, 5.095 ] ] ] } },
{ "type": "Feature", "properties": { "lat": 5.1, "lon": 6.55, "crs": 0.5034, "crs_lower": 0.5708, "crs_upper": 0.7097, "risk_tier": "high", "population": 5304, "colour": "#FF6D00" }, "geometry": { "type": "Polygon", "coordinates": [ [ [ 6.555, 5.095 ], [ 6.555, 5.105 ], [ 6.545, 5.105 ], [ 6.545, 5.095 ], [ 6.555, 5.095 ] ] ] } },
{ "type": "Feature", "properties": { "lat": 5.1, "lon": 6.56, "crs": 0.5034, "crs_lower": 0.5775, "crs_upper": 0.7097, "risk_tier": "high", "population": 569, "colour": "#FF6D00" }, "geometry": { "type": "Polygon", "coordinates": [ [ [ 6.565, 5.095 ], [ 6.565, 5.105 ], [ 6.555, 5.105 ], [ 6.555, 5.095 ], [ 6.565, 5.095 ] ] ] } },
{ "type": "Feature", "properties": { "lat": 5.1, "lon": 6.57, "crs": 0.6063, "crs_lower": 0.7059, "crs_upper": 0.8156, "risk_tier": "high", "population": 3456, "colour": "#FF6D00" }, "geometry": { "type": "Polygon", "coordinates": [ [ [ 6.575, 5.095 ], [ 6.575, 5.105 ], [ 6.565, 5.105 ], [ 6.565, 5.095 ], [ 6.575, 5.095 ] ] ] } },
{ "type": "Feature", "properties": { "lat": 5.1, "lon": 6.58, "crs": 0.6063, "crs_lower": 0.7059, "crs_upper": 0.8156, "risk_tier": "high", "population": 581, "colour": "#FF6D00" }, "geometry": { "type": "Polygon", "coordinates": [ [ [ 6.585, 5.095 ], [ 6.585, 5.105 ], [ 6.575, 5.105 ], [ 6.575, 5.095 ], [ 6.585, 5.095 ] ] ] } },
{ "type": "Feature", "properties": { "lat": 5.1, "lon": 6.59, "crs": 0.6063, "crs_lower": 0.7059, "crs_upper": 0.8156, "risk_tier": "high", "population": 37, "colour": "#FF6D00" }, "geometry": { "type": "Polygon", "coordinates": [ [ [ 6.595, 5.095 ], [ 6.595, 5.105 ], [ 6.585, 5.105 ], [ 6.585, 5.095 ], [ 6.595, 5.095 ] ] ] } },
{ "type": "Feature", "properties": { "lat": 5.1, "lon": 6.6, "crs": 0.5865, "crs_lower": 0.7032, "crs_upper": 0.8173, "risk_tier": "high", "population": 32, "colour": "#FF6D00" }, "geometry": { "type": "Polygon", "coordinates": [ [ [ 6.605, 5.095 ], [ 6.605, 5.105 ], [ 6.595, 5.105 ], [ 6.595, 5.095 ], [ 6.605, 5.095 ] ] ] } },
{ "type": "Feature", "properties": { "lat": 5.1, "lon": 6.61, "crs": 0.5538, "crs_lower": 0.6601, "crs_upper": 0.7831, "risk_tier": "high", "population": 0, "colour": "#FF6D00" }, "geometry": { "type": "Polygon", "coordinates": [ [ [ 6.615, 5.095 ], [ 6.615, 5.105 ], [ 6.605, 5.105 ], [ 6.605, 5.095 ], [ 6.615, 5.095 ] ] ] } },
{ "type": "Feature", "properties": { "lat": 5.11, "lon": 6.4, "crs": 0.5087, "crs_lower": 0.5248, "crs_upper": 0.6753, "risk_tier": "high", "population": 0, "colour": "#FF6D00" }, "geometry": { "type": "Polygon", "coordinates": [ [ [ 6.405, 5.105 ], [ 6.405, 5.115 ], [ 6.395, 5.115 ], [ 6.395, 5.105 ], [ 6.405, 5.105 ] ] ] } },
{ "type": "Feature", "properties": { "lat": 5.11, "lon": 6.41, "crs": 0.5087, "crs_lower": 0.5248, "crs_upper": 0.6753, "risk_tier": "high", "population": 2040, "colour": "#FF6D00" }, "geometry": { "type": "Polygon", "coordinates": [ [ [ 6.415, 5.105 ], [ 6.415, 5.115 ], [ 6.405, 5.115 ], [ 6.405, 5.105 ], [ 6.415, 5.105 ] ] ] } },
{ "type": "Feature", "properties": { "lat": 5.11, "lon": 6.42, "crs": 0.5079, "crs_lower": 0.5237, "crs_upper": 0.6744, "risk_tier": "high", "population": 1055, "colour": "#FF6D00" }, "geometry": { "type": "Polygon", "coordinates": [ [ [ 6.425, 5.105 ], [ 6.425, 5.115 ], [ 6.415, 5.115 ], [ 6.415, 5.105 ], [ 6.425, 5.105 ] ] ] } },
{ "type": "Feature", "properties": { "lat": 5.11, "lon": 6.43, "crs": 0.5079, "crs_lower": 0.5237, "crs_upper": 0.6744, "risk_tier": "high", "population": 0, "colour": "#FF6D00" }, "geometry": { "type": "Polygon", "coordinates": [ [ [ 6.435, 5.105 ], [ 6.435, 5.115 ], [ 6.425, 5.115 ], [ 6.425, 5.105 ], [ 6.435, 5.105 ] ] ] } },
{ "type": "Feature", "properties": { "lat": 5.11, "lon": 6.44, "crs": 0.5079, "crs_lower": 0.5237, "crs_upper": 0.6744, "risk_tier": "high", "population": 0, "colour": "#FF6D00" }, "geometry": { "type": "Polygon", "coordinates": [ [ [ 6.445, 5.105 ], [ 6.445, 5.115 ], [ 6.435, 5.115 ], [ 6.435, 5.105 ], [ 6.445, 5.105 ] ] ] } },
{ "type": "Feature", "properties": { "lat": 5.11, "lon": 6.45, "crs": 0.5111, "crs_lower": 0.532, "crs_upper": 0.6728, "risk_tier": "high", "population": 0, "colour": "#FF6D00" }, "geometry": { "type": "Polygon", "coordinates": [ [ [ 6.455, 5.105 ], [ 6.455, 5.115 ], [ 6.445, 5.115 ], [ 6.445, 5.105 ], [ 6.455, 5.105 ] ] ] } },
{ "type": "Feature", "properties": { "lat": 5.11, "lon": 6.46, "crs": 0.5325, "crs_lower": 0.528, "crs_upper": 0.6728, "risk_tier": "high", "population": 0, "colour": "#FF6D00" }, "geometry": { "type": "Polygon", "coordinates": [ [ [ 6.465, 5.105 ], [ 6.465, 5.115 ], [ 6.455, 5.115 ], [ 6.455, 5.105 ], [ 6.465, 5.105 ] ] ] } },
{ "type": "Feature", "properties": { "lat": 5.11, "lon": 6.56, "crs": 0.6017, "crs_lower": 0.7016, "crs_upper": 0.8109, "risk_tier": "high", "population": 735, "colour": "#FF6D00" }, "geometry": { "type": "Polygon", "coordinates": [ [ [ 6.565, 5.105 ], [ 6.565, 5.115 ], [ 6.555, 5.115 ], [ 6.555, 5.105 ], [ 6.565, 5.105 ] ] ] } },
{ "type": "Feature", "properties": { "lat": 5.11, "lon": 6.57, "crs": 0.6062, "crs_lower": 0.7059, "crs_upper": 0.8156, "risk_tier": "high", "population": 2411, "colour": "#FF6D00" }, "geometry": { "type": "Polygon", "coordinates": [ [ [ 6.575, 5.105 ], [ 6.575, 5.115 ], [ 6.565, 5.115 ], [ 6.565, 5.105 ], [ 6.575, 5.105 ] ] ] } },
{ "type": "Feature", "properties": { "lat": 5.11, "lon": 6.58, "crs": 0.6063, "crs_lower": 0.7059, "crs_upper": 0.8156, "risk_tier": "high", "population": 321, "colour": "#FF6D00" }, "geometry": { "type": "Polygon", "coordinates": [ [ [ 6.585, 5.105 ], [ 6.585, 5.115 ], [ 6.575, 5.115 ], [ 6.575, 5.105 ], [ 6.585, 5.105 ] ] ] } },
{ "type": "Feature", "properties": { "lat": 5.11, "lon": 6.59, "crs": 0.5885, "crs_lower": 0.7201, "crs_upper": 0.8156, "risk_tier": "high", "population": 695, "colour": "#FF6D00" }, "geometry": { "type": "Polygon", "coordinates": [ [ [ 6.595, 5.105 ], [ 6.595, 5.115 ], [ 6.585, 5.115 ], [ 6.585, 5.105 ], [ 6.595, 5.105 ] ] ] } },
{ "type": "Feature", "properties": { "lat": 5.11, "lon": 6.6, "crs": 0.5865, "crs_lower": 0.7032, "crs_upper": 0.8173, "risk_tier": "high", "population": 1563, "colour": "#FF6D00" }, "geometry": { "type": "Polygon", "coordinates": [ [ [ 6.605, 5.105 ], [ 6.605, 5.115 ], [ 6.595, 5.115 ], [ 6.595, 5.105 ], [ 6.605, 5.105 ] ] ] } },
{ "type": "Feature", "properties": { "lat": 5.11, "lon": 6.65, "crs": 0.5719, "crs_lower": 0.6666, "crs_upper": 0.7831, "risk_tier": "high", "population": 1613, "colour": "#FF6D00" }, "geometry": { "type": "Polygon", "coordinates": [ [ [ 6.655, 5.105 ], [ 6.655, 5.115 ], [ 6.645, 5.115 ], [ 6.645, 5.105 ], [ 6.655, 5.105 ] ] ] } },
{ "type": "Feature", "properties": { "lat": 5.11, "lon": 6.66, "crs": 0.5031, "crs_lower": 0.5965, "crs_upper": 0.7224, "risk_tier": "high", "population": 2497, "colour": "#FF6D00" }, "geometry": { "type": "Polygon", "coordinates": [ [ [ 6.665, 5.105 ], [ 6.665, 5.115 ], [ 6.655, 5.115 ], [ 6.655, 5.105 ], [ 6.665, 5.105 ] ] ] } },
{ "type": "Feature", "properties": { "lat": 5.12, "lon": 6.4, "crs": 0.5087, "crs_lower": 0.5248, "crs_upper": 0.6753, "risk_tier": "high", "population": 0, "colour": "#FF6D00" }, "geometry": { "type": "Polygon", "coordinates": [ [ [ 6.405, 5.115 ], [ 6.405, 5.125 ], [ 6.395, 5.125 ], [ 6.395, 5.115 ], [ 6.405, 5.115 ] ] ] } },
{ "type": "Feature", "properties": { "lat": 5.12, "lon": 6.41, "crs": 0.5087, "crs_lower": 0.5316, "crs_upper": 0.6753, "risk_tier": "high", "population": 58, "colour": "#FF6D00" }, "geometry": { "type": "Polygon", "coordinates": [ [ [ 6.415, 5.115 ], [ 6.415, 5.125 ], [ 6.405, 5.125 ], [ 6.405, 5.115 ], [ 6.415, 5.115 ] ] ] } },
{ "type": "Feature", "properties": { "lat": 5.12, "lon": 6.42, "crs": 0.5079, "crs_lower": 0.5237, "crs_upper": 0.6744, "risk_tier": "high", "population": 932, "colour": "#FF6D00" }, "geometry": { "type": "Polygon", "coordinates": [ [ [ 6.425, 5.115 ], [ 6.425, 5.125 ], [ 6.415, 5.125 ], [ 6.415, 5.115 ], [ 6.425, 5.115 ] ] ] } },
{ "type": "Feature", "properties": { "lat": 5.12, "lon": 6.43, "crs": 0.5079, "crs_lower": 0.5237, "crs_upper": 0.6744, "risk_tier": "high", "population": 0, "colour": "#FF6D00" }, "geometry": { "type": "Polygon", "coordinates": [ [ [ 6.435, 5.115 ], [ 6.435, 5.125 ], [ 6.425, 5.125 ], [ 6.425, 5.115 ], [ 6.435, 5.115 ] ] ] } },
{ "type": "Feature", "properties": { "lat": 5.12, "lon": 6.44, "crs": 0.5325, "crs_lower": 0.528, "crs_upper": 0.6728, "risk_tier": "high", "population": 0, "colour": "#FF6D00" }, "geometry": { "type": "Polygon", "coordinates": [ [ [ 6.445, 5.115 ], [ 6.445, 5.125 ], [ 6.435, 5.125 ], [ 6.435, 5.115 ], [ 6.445, 5.115 ] ] ] } },
{ "type": "Feature", "properties": { "lat": 5.12, "lon": 6.45, "crs": 0.5111, "crs_lower": 0.528, "crs_upper": 0.6728, "risk_tier": "high", "population": 0, "colour": "#FF6D00" }, "geometry": { "type": "Polygon", "coordinates": [ [ [ 6.455, 5.115 ], [ 6.455, 5.125 ], [ 6.445, 5.125 ], [ 6.445, 5.115 ], [ 6.455, 5.115 ] ] ] } },
{ "type": "Feature", "properties": { "lat": 5.12, "lon": 6.46, "crs": 0.5624, "crs_lower": 0.5708, "crs_upper": 0.7097, "risk_tier": "high", "population": 0, "colour": "#FF6D00" }, "geometry": { "type": "Polygon", "coordinates": [ [ [ 6.465, 5.115 ], [ 6.465, 5.125 ], [ 6.455, 5.125 ], [ 6.455, 5.115 ], [ 6.465, 5.115 ] ] ] } },
{ "type": "Feature", "properties": { "lat": 5.12, "lon": 6.47, "crs": 0.5127, "crs_lower": 0.5228, "crs_upper": 0.666, "risk_tier": "high", "population": 0, "colour": "#FF6D00" }, "geometry": { "type": "Polygon", "coordinates": [ [ [ 6.475, 5.115 ], [ 6.475, 5.125 ], [ 6.465, 5.125 ], [ 6.465, 5.115 ], [ 6.475, 5.115 ] ] ] } },
{ "type": "Feature", "properties": { "lat": 5.12, "lon": 6.57, "crs": 0.6306, "crs_lower": 0.7405, "crs_upper": 0.8402, "risk_tier": "high", "population": 1781, "colour": "#FF6D00" }, "geometry": { "type": "Polygon", "coordinates": [ [ [ 6.575, 5.115 ], [ 6.575, 5.125 ], [ 6.565, 5.125 ], [ 6.565, 5.115 ], [ 6.575, 5.115 ] ] ] } },
{ "type": "Feature", "properties": { "lat": 5.12, "lon": 6.58, "crs": 0.6063, "crs_lower": 0.7059, "crs_upper": 0.8156, "risk_tier": "high", "population": 186, "colour": "#FF6D00" }, "geometry": { "type": "Polygon", "coordinates": [ [ [ 6.585, 5.115 ], [ 6.585, 5.125 ], [ 6.575, 5.125 ], [ 6.575, 5.115 ], [ 6.585, 5.115 ] ] ] } },
{ "type": "Feature", "properties": { "lat": 5.12, "lon": 6.59, "crs": 0.5946, "crs_lower": 0.7059, "crs_upper": 0.8156, "risk_tier": "high", "population": 246, "colour": "#FF6D00" }, "geometry": { "type": "Polygon", "coordinates": [ [ [ 6.595, 5.115 ], [ 6.595, 5.125 ], [ 6.585, 5.125 ], [ 6.585, 5.115 ], [ 6.595, 5.115 ] ] ] } },
{ "type": "Feature", "properties": { "lat": 5.13, "lon": 6.4, "crs": 0.5087, "crs_lower": 0.5248, "crs_upper": 0.6753, "risk_tier": "high", "population": 0, "colour": "#FF6D00" }, "geometry": { "type": "Polygon", "coordinates": [ [ [ 6.405, 5.125 ], [ 6.405, 5.135 ], [ 6.395, 5.135 ], [ 6.395, 5.125 ], [ 6.405, 5.125 ] ] ] } },
{ "type": "Feature", "properties": { "lat": 5.13, "lon": 6.41, "crs": 0.5087, "crs_lower": 0.5248, "crs_upper": 0.6753, "risk_tier": "high", "population": 0, "colour": "#FF6D00" }, "geometry": { "type": "Polygon", "coordinates": [ [ [ 6.415, 5.125 ], [ 6.415, 5.135 ], [ 6.405, 5.135 ], [ 6.405, 5.125 ], [ 6.415, 5.125 ] ] ] } },
{ "type": "Feature", "properties": { "lat": 5.13, "lon": 6.42, "crs": 0.5079, "crs_lower": 0.5381, "crs_upper": 0.6744, "risk_tier": "high", "population": 310, "colour": "#FF6D00" }, "geometry": { "type": "Polygon", "coordinates": [ [ [ 6.425, 5.125 ], [ 6.425, 5.135 ], [ 6.415, 5.135 ], [ 6.415, 5.125 ], [ 6.425, 5.125 ] ] ] } },
{ "type": "Feature", "properties": { "lat": 5.13, "lon": 6.43, "crs": 0.5079, "crs_lower": 0.5237, "crs_upper": 0.6744, "risk_tier": "high", "population": 1033, "colour": "#FF6D00" }, "geometry": { "type": "Polygon", "coordinates": [ [ [ 6.435, 5.125 ], [ 6.435, 5.135 ], [ 6.425, 5.135 ], [ 6.425, 5.125 ], [ 6.435, 5.125 ] ] ] } },
{ "type": "Feature", "properties": { "lat": 5.13, "lon": 6.44, "crs": 0.5325, "crs_lower": 0.528, "crs_upper": 0.6728, "risk_tier": "high", "population": 67, "colour": "#FF6D00" }, "geometry": { "type": "Polygon", "coordinates": [ [ [ 6.445, 5.125 ], [ 6.445, 5.135 ], [ 6.435, 5.135 ], [ 6.435, 5.125 ], [ 6.445, 5.125 ] ] ] } },
{ "type": "Feature", "properties": { "lat": 5.13, "lon": 6.45, "crs": 0.5624, "crs_lower": 0.5849, "crs_upper": 0.7097, "risk_tier": "high", "population": 0, "colour": "#FF6D00" }, "geometry": { "type": "Polygon", "coordinates": [ [ [ 6.455, 5.125 ], [ 6.455, 5.135 ], [ 6.445, 5.135 ], [ 6.445, 5.125 ], [ 6.455, 5.125 ] ] ] } },
{ "type": "Feature", "properties": { "lat": 5.13, "lon": 6.46, "crs": 0.5624, "crs_lower": 0.5849, "crs_upper": 0.7097, "risk_tier": "high", "population": 0, "colour": "#FF6D00" }, "geometry": { "type": "Polygon", "coordinates": [ [ [ 6.465, 5.125 ], [ 6.465, 5.135 ], [ 6.455, 5.135 ], [ 6.455, 5.125 ], [ 6.465, 5.125 ] ] ] } },
{ "type": "Feature", "properties": { "lat": 5.13, "lon": 6.47, "crs": 0.5624, "crs_lower": 0.5708, "crs_upper": 0.7097, "risk_tier": "high", "population": 0, "colour": "#FF6D00" }, "geometry": { "type": "Polygon", "coordinates": [ [ [ 6.475, 5.125 ], [ 6.475, 5.135 ], [ 6.465, 5.135 ], [ 6.465, 5.125 ], [ 6.475, 5.125 ] ] ] } },
{ "type": "Feature", "properties": { "lat": 5.13, "lon": 6.56, "crs": 0.5836, "crs_lower": 0.7016, "crs_upper": 0.8109, "risk_tier": "high", "population": 0, "colour": "#FF6D00" }, "geometry": { "type": "Polygon", "coordinates": [ [ [ 6.565, 5.125 ], [ 6.565, 5.135 ], [ 6.555, 5.135 ], [ 6.555, 5.125 ], [ 6.565, 5.125 ] ] ] } },
{ "type": "Feature", "properties": { "lat": 5.13, "lon": 6.57, "crs": 0.6306, "crs_lower": 0.7523, "crs_upper": 0.8402, "risk_tier": "high", "population": 808, "colour": "#FF6D00" }, "geometry": { "type": "Polygon", "coordinates": [ [ [ 6.575, 5.125 ], [ 6.575, 5.135 ], [ 6.565, 5.135 ], [ 6.565, 5.125 ], [ 6.575, 5.125 ] ] ] } },
{ "type": "Feature", "properties": { "lat": 5.13, "lon": 6.58, "crs": 0.6307, "crs_lower": 0.7405, "crs_upper": 0.8402, "risk_tier": "high", "population": 96, "colour": "#FF6D00" }, "geometry": { "type": "Polygon", "coordinates": [ [ [ 6.585, 5.125 ], [ 6.585, 5.135 ], [ 6.575, 5.135 ], [ 6.575, 5.125 ], [ 6.585, 5.125 ] ] ] } },
{ "type": "Feature", "properties": { "lat": 5.14, "lon": 6.41, "crs": 0.5087, "crs_lower": 0.5248, "crs_upper": 0.6753, "risk_tier": "high", "population": 0, "colour": "#FF6D00" }, "geometry": { "type": "Polygon", "coordinates": [ [ [ 6.415, 5.135 ], [ 6.415, 5.145 ], [ 6.405, 5.145 ], [ 6.405, 5.135 ], [ 6.415, 5.135 ] ] ] } },
{ "type": "Feature", "properties": { "lat": 5.14, "lon": 6.42, "crs": 0.5152, "crs_lower": 0.5305, "crs_upper": 0.6744, "risk_tier": "high", "population": 384, "colour": "#FF6D00" }, "geometry": { "type": "Polygon", "coordinates": [ [ [ 6.425, 5.135 ], [ 6.425, 5.145 ], [ 6.415, 5.145 ], [ 6.415, 5.135 ], [ 6.425, 5.135 ] ] ] } },
{ "type": "Feature", "properties": { "lat": 5.14, "lon": 6.43, "crs": 0.5152, "crs_lower": 0.5237, "crs_upper": 0.6744, "risk_tier": "high", "population": 1221, "colour": "#FF6D00" }, "geometry": { "type": "Polygon", "coordinates": [ [ [ 6.435, 5.135 ], [ 6.435, 5.145 ], [ 6.425, 5.145 ], [ 6.425, 5.135 ], [ 6.435, 5.135 ] ] ] } },
{ "type": "Feature", "properties": { "lat": 5.14, "lon": 6.44, "crs": 0.5624, "crs_lower": 0.5708, "crs_upper": 0.7097, "risk_tier": "high", "population": 1563, "colour": "#FF6D00" }, "geometry": { "type": "Polygon", "coordinates": [ [ [ 6.445, 5.135 ], [ 6.445, 5.145 ], [ 6.435, 5.145 ], [ 6.435, 5.135 ], [ 6.445, 5.135 ] ] ] } },
{ "type": "Feature", "properties": { "lat": 5.14, "lon": 6.45, "crs": 0.5624, "crs_lower": 0.5708, "crs_upper": 0.7097, "risk_tier": "high", "population": 67, "colour": "#FF6D00" }, "geometry": { "type": "Polygon", "coordinates": [ [ [ 6.455, 5.135 ], [ 6.455, 5.145 ], [ 6.445, 5.145 ], [ 6.445, 5.135 ], [ 6.455, 5.135 ] ] ] } },
{ "type": "Feature", "properties": { "lat": 5.14, "lon": 6.46, "crs": 0.5624, "crs_lower": 0.5708, "crs_upper": 0.7097, "risk_tier": "high", "population": 0, "colour": "#FF6D00" }, "geometry": { "type": "Polygon", "coordinates": [ [ [ 6.465, 5.135 ], [ 6.465, 5.145 ], [ 6.455, 5.145 ], [ 6.455, 5.135 ], [ 6.465, 5.135 ] ] ] } },
{ "type": "Feature", "properties": { "lat": 5.14, "lon": 6.47, "crs": 0.5624, "crs_lower": 0.5708, "crs_upper": 0.7097, "risk_tier": "high", "population": 0, "colour": "#FF6D00" }, "geometry": { "type": "Polygon", "coordinates": [ [ [ 6.475, 5.135 ], [ 6.475, 5.145 ], [ 6.465, 5.145 ], [ 6.465, 5.135 ], [ 6.475, 5.135 ] ] ] } },
{ "type": "Feature", "properties": { "lat": 5.14, "lon": 6.48, "crs": 0.5127, "crs_lower": 0.5228, "crs_upper": 0.666, "risk_tier": "high", "population": 0, "colour": "#FF6D00" }, "geometry": { "type": "Polygon", "coordinates": [ [ [ 6.485, 5.135 ], [ 6.485, 5.145 ], [ 6.475, 5.145 ], [ 6.475, 5.135 ], [ 6.485, 5.135 ] ] ] } },
{ "type": "Feature", "properties": { "lat": 5.14, "lon": 6.55, "crs": 0.5328, "crs_lower": 0.5607, "crs_upper": 0.6949, "risk_tier": "high", "population": 25, "colour": "#FF6D00" }, "geometry": { "type": "Polygon", "coordinates": [ [ [ 6.555, 5.135 ], [ 6.555, 5.145 ], [ 6.545, 5.145 ], [ 6.545, 5.135 ], [ 6.555, 5.135 ] ] ] } },
{ "type": "Feature", "properties": { "lat": 5.14, "lon": 6.56, "crs": 0.5186, "crs_lower": 0.54, "crs_upper": 0.6779, "risk_tier": "high", "population": 0, "colour": "#FF6D00" }, "geometry": { "type": "Polygon", "coordinates": [ [ [ 6.565, 5.135 ], [ 6.565, 5.145 ], [ 6.555, 5.145 ], [ 6.555, 5.135 ], [ 6.565, 5.135 ] ] ] } },
{ "type": "Feature", "properties": { "lat": 5.14, "lon": 6.57, "crs": 0.5624, "crs_lower": 0.5849, "crs_upper": 0.7097, "risk_tier": "high", "population": 0, "colour": "#FF6D00" }, "geometry": { "type": "Polygon", "coordinates": [ [ [ 6.575, 5.135 ], [ 6.575, 5.145 ], [ 6.565, 5.145 ], [ 6.565, 5.135 ], [ 6.575, 5.135 ] ] ] } },
{ "type": "Feature", "properties": { "lat": 5.14, "lon": 6.58, "crs": 0.5625, "crs_lower": 0.5708, "crs_upper": 0.7097, "risk_tier": "high", "population": 0, "colour": "#FF6D00" }, "geometry": { "type": "Polygon", "coordinates": [ [ [ 6.585, 5.135 ], [ 6.585, 5.145 ], [ 6.575, 5.145 ], [ 6.575, 5.135 ], [ 6.585, 5.135 ] ] ] } },
{ "type": "Feature", "properties": { "lat": 5.15, "lon": 6.41, "crs": 0.5087, "crs_lower": 0.5248, "crs_upper": 0.6753, "risk_tier": "high", "population": 0, "colour": "#FF6D00" }, "geometry": { "type": "Polygon", "coordinates": [ [ [ 6.415, 5.145 ], [ 6.415, 5.155 ], [ 6.405, 5.155 ], [ 6.405, 5.145 ], [ 6.415, 5.145 ] ] ] } },
{ "type": "Feature", "properties": { "lat": 5.15, "lon": 6.42, "crs": 0.5301, "crs_lower": 0.5248, "crs_upper": 0.6753, "risk_tier": "high", "population": 0, "colour": "#FF6D00" }, "geometry": { "type": "Polygon", "coordinates": [ [ [ 6.425, 5.145 ], [ 6.425, 5.155 ], [ 6.415, 5.155 ], [ 6.415, 5.145 ], [ 6.425, 5.145 ] ] ] } },
{ "type": "Feature", "properties": { "lat": 5.15, "lon": 6.43, "crs": 0.5624, "crs_lower": 0.5708, "crs_upper": 0.7097, "risk_tier": "high", "population": 0, "colour": "#FF6D00" }, "geometry": { "type": "Polygon", "coordinates": [ [ [ 6.435, 5.145 ], [ 6.435, 5.155 ], [ 6.425, 5.155 ], [ 6.425, 5.145 ], [ 6.435, 5.145 ] ] ] } },
{ "type": "Feature", "properties": { "lat": 5.15, "lon": 6.44, "crs": 0.5624, "crs_lower": 0.5775, "crs_upper": 0.7097, "risk_tier": "high", "population": 132, "colour": "#FF6D00" }, "geometry": { "type": "Polygon", "coordinates": [ [ [ 6.445, 5.145 ], [ 6.445, 5.155 ], [ 6.435, 5.155 ], [ 6.435, 5.145 ], [ 6.445, 5.145 ] ] ] } },
{ "type": "Feature", "properties": { "lat": 5.15, "lon": 6.45, "crs": 0.5624, "crs_lower": 0.5708, "crs_upper": 0.7097, "risk_tier": "high", "population": 2085, "colour": "#FF6D00" }, "geometry": { "type": "Polygon", "coordinates": [ [ [ 6.455, 5.145 ], [ 6.455, 5.155 ], [ 6.445, 5.155 ], [ 6.445, 5.145 ], [ 6.455, 5.145 ] ] ] } },
{ "type": "Feature", "properties": { "lat": 5.15, "lon": 6.46, "crs": 0.5624, "crs_lower": 0.5708, "crs_upper": 0.7097, "risk_tier": "high", "population": 815, "colour": "#FF6D00" }, "geometry": { "type": "Polygon", "coordinates": [ [ [ 6.465, 5.145 ], [ 6.465, 5.155 ], [ 6.455, 5.155 ], [ 6.455, 5.145 ], [ 6.465, 5.145 ] ] ] } },
{ "type": "Feature", "properties": { "lat": 5.15, "lon": 6.47, "crs": 0.5423, "crs_lower": 0.5818, "crs_upper": 0.7097, "risk_tier": "high", "population": 10, "colour": "#FF6D00" }, "geometry": { "type": "Polygon", "coordinates": [ [ [ 6.475, 5.145 ], [ 6.475, 5.155 ], [ 6.465, 5.155 ], [ 6.465, 5.145 ], [ 6.475, 5.145 ] ] ] } },
{ "type": "Feature", "properties": { "lat": 5.15, "lon": 6.48, "crs": 0.5054, "crs_lower": 0.5268, "crs_upper": 0.666, "risk_tier": "high", "population": 337, "colour": "#FF6D00" }, "geometry": { "type": "Polygon", "coordinates": [ [ [ 6.485, 5.145 ], [ 6.485, 5.155 ], [ 6.475, 5.155 ], [ 6.475, 5.145 ], [ 6.485, 5.145 ] ] ] } },
{ "type": "Feature", "properties": { "lat": 5.15, "lon": 6.54, "crs": 0.5328, "crs_lower": 0.5662, "crs_upper": 0.6949, "risk_tier": "high", "population": 1154, "colour": "#FF6D00" }, "geometry": { "type": "Polygon", "coordinates": [ [ [ 6.545, 5.145 ], [ 6.545, 5.155 ], [ 6.535, 5.155 ], [ 6.535, 5.145 ], [ 6.545, 5.145 ] ] ] } },
{ "type": "Feature", "properties": { "lat": 5.15, "lon": 6.55, "crs": 0.5504, "crs_lower": 0.5607, "crs_upper": 0.6949, "risk_tier": "high", "population": 143, "colour": "#FF6D00" }, "geometry": { "type": "Polygon", "coordinates": [ [ [ 6.555, 5.145 ], [ 6.555, 5.155 ], [ 6.545, 5.155 ], [ 6.545, 5.145 ], [ 6.555, 5.145 ] ] ] } },
{ "type": "Feature", "properties": { "lat": 5.15, "lon": 6.56, "crs": 0.5423, "crs_lower": 0.5708, "crs_upper": 0.7097, "risk_tier": "high", "population": 0, "colour": "#FF6D00" }, "geometry": { "type": "Polygon", "coordinates": [ [ [ 6.565, 5.145 ], [ 6.565, 5.155 ], [ 6.555, 5.155 ], [ 6.555, 5.145 ], [ 6.565, 5.145 ] ] ] } },
{ "type": "Feature", "properties": { "lat": 5.15, "lon": 6.57, "crs": 0.5624, "crs_lower": 0.5708, "crs_upper": 0.7097, "risk_tier": "high", "population": 0, "colour": "#FF6D00" }, "geometry": { "type": "Polygon", "coordinates": [ [ [ 6.575, 5.145 ], [ 6.575, 5.155 ], [ 6.565, 5.155 ], [ 6.565, 5.145 ], [ 6.575, 5.145 ] ] ] } },
{ "type": "Feature", "properties": { "lat": 5.15, "lon": 6.58, "crs": 0.5325, "crs_lower": 0.528, "crs_upper": 0.6728, "risk_tier": "high", "population": 1670, "colour": "#FF6D00" }, "geometry": { "type": "Polygon", "coordinates": [ [ [ 6.585, 5.145 ], [ 6.585, 5.155 ], [ 6.575, 5.155 ], [ 6.575, 5.145 ], [ 6.585, 5.145 ] ] ] } },
{ "type": "Feature", "properties": { "lat": 5.15, "lon": 6.59, "crs": 0.5161, "crs_lower": 0.5248, "crs_upper": 0.6753, "risk_tier": "high", "population": 704, "colour": "#FF6D00" }, "geometry": { "type": "Polygon", "coordinates": [ [ [ 6.595, 5.145 ], [ 6.595, 5.155 ], [ 6.585, 5.155 ], [ 6.585, 5.145 ], [ 6.595, 5.145 ] ] ] } },
{ "type": "Feature", "properties": { "lat": 5.16, "lon": 6.41, "crs": 0.5087, "crs_lower": 0.536, "crs_upper": 0.6753, "risk_tier": "high", "population": 0, "colour": "#FF6D00" }, "geometry": { "type": "Polygon", "coordinates": [ [ [ 6.415, 5.155 ], [ 6.415, 5.165 ], [ 6.405, 5.165 ], [ 6.405, 5.155 ], [ 6.415, 5.155 ] ] ] } },
{ "type": "Feature", "properties": { "lat": 5.16, "lon": 6.42, "crs": 0.5087, "crs_lower": 0.5248, "crs_upper": 0.6753, "risk_tier": "high", "population": 0, "colour": "#FF6D00" }, "geometry": { "type": "Polygon", "coordinates": [ [ [ 6.425, 5.155 ], [ 6.425, 5.165 ], [ 6.415, 5.165 ], [ 6.415, 5.155 ], [ 6.425, 5.155 ] ] ] } },
{ "type": "Feature", "properties": { "lat": 5.16, "lon": 6.43, "crs": 0.5324, "crs_lower": 0.528, "crs_upper": 0.6728, "risk_tier": "high", "population": 82, "colour": "#FF6D00" }, "geometry": { "type": "Polygon", "coordinates": [ [ [ 6.435, 5.155 ], [ 6.435, 5.165 ], [ 6.425, 5.165 ], [ 6.425, 5.155 ], [ 6.435, 5.155 ] ] ] } },
{ "type": "Feature", "properties": { "lat": 5.16, "lon": 6.44, "crs": 0.5624, "crs_lower": 0.5708, "crs_upper": 0.7097, "risk_tier": "high", "population": 500, "colour": "#FF6D00" }, "geometry": { "type": "Polygon", "coordinates": [ [ [ 6.445, 5.155 ], [ 6.445, 5.165 ], [ 6.435, 5.165 ], [ 6.435, 5.155 ], [ 6.445, 5.155 ] ] ] } },
{ "type": "Feature", "properties": { "lat": 5.16, "lon": 6.45, "crs": 0.5624, "crs_lower": 0.5708, "crs_upper": 0.7097, "risk_tier": "high", "population": 151, "colour": "#FF6D00" }, "geometry": { "type": "Polygon", "coordinates": [ [ [ 6.455, 5.155 ], [ 6.455, 5.165 ], [ 6.445, 5.165 ], [ 6.445, 5.155 ], [ 6.455, 5.155 ] ] ] } },
{ "type": "Feature", "properties": { "lat": 5.16, "lon": 6.46, "crs": 0.5624, "crs_lower": 0.5775, "crs_upper": 0.7097, "risk_tier": "high", "population": 460, "colour": "#FF6D00" }, "geometry": { "type": "Polygon", "coordinates": [ [ [ 6.465, 5.155 ], [ 6.465, 5.165 ], [ 6.455, 5.165 ], [ 6.455, 5.155 ], [ 6.465, 5.155 ] ] ] } },
{ "type": "Feature", "properties": { "lat": 5.16, "lon": 6.47, "crs": 0.5624, "crs_lower": 0.5708, "crs_upper": 0.7097, "risk_tier": "high", "population": 133, "colour": "#FF6D00" }, "geometry": { "type": "Polygon", "coordinates": [ [ [ 6.475, 5.155 ], [ 6.475, 5.165 ], [ 6.465, 5.165 ], [ 6.465, 5.155 ], [ 6.475, 5.155 ] ] ] } },
{ "type": "Feature", "properties": { "lat": 5.16, "lon": 6.48, "crs": 0.5054, "crs_lower": 0.5358, "crs_upper": 0.666, "risk_tier": "high", "population": 266, "colour": "#FF6D00" }, "geometry": { "type": "Polygon", "coordinates": [ [ [ 6.485, 5.155 ], [ 6.485, 5.165 ], [ 6.475, 5.165 ], [ 6.475, 5.155 ], [ 6.485, 5.155 ] ] ] } },
{ "type": "Feature", "properties": { "lat": 5.16, "lon": 6.49, "crs": 0.5054, "crs_lower": 0.5228, "crs_upper": 0.666, "risk_tier": "high", "population": 9243, "colour": "#FF6D00" }, "geometry": { "type": "Polygon", "coordinates": [ [ [ 6.495, 5.155 ], [ 6.495, 5.165 ], [ 6.485, 5.165 ], [ 6.485, 5.155 ], [ 6.495, 5.155 ] ] ] } },
{ "type": "Feature", "properties": { "lat": 5.16, "lon": 6.56, "crs": 0.5423, "crs_lower": 0.5708, "crs_upper": 0.7097, "risk_tier": "high", "population": 1138, "colour": "#FF6D00" }, "geometry": { "type": "Polygon", "coordinates": [ [ [ 6.565, 5.155 ], [ 6.565, 5.165 ], [ 6.555, 5.165 ], [ 6.555, 5.155 ], [ 6.565, 5.155 ] ] ] } },
{ "type": "Feature", "properties": { "lat": 5.16, "lon": 6.57, "crs": 0.5325, "crs_lower": 0.528, "crs_upper": 0.6728, "risk_tier": "high", "population": 107, "colour": "#FF6D00" }, "geometry": { "type": "Polygon", "coordinates": [ [ [ 6.575, 5.155 ], [ 6.575, 5.165 ], [ 6.565, 5.165 ], [ 6.565, 5.155 ], [ 6.575, 5.155 ] ] ] } },
{ "type": "Feature", "properties": { "lat": 5.16, "lon": 6.58, "crs": 0.5294, "crs_lower": 0.5237, "crs_upper": 0.6744, "risk_tier": "high", "population": 2426, "colour": "#FF6D00" }, "geometry": { "type": "Polygon", "coordinates": [ [ [ 6.585, 5.155 ], [ 6.585, 5.165 ], [ 6.575, 5.165 ], [ 6.575, 5.155 ], [ 6.585, 5.155 ] ] ] } },
{ "type": "Feature", "properties": { "lat": 5.16, "lon": 6.59, "crs": 0.5016, "crs_lower": 0.4895, "crs_upper": 0.6402, "risk_tier": "high", "population": 414, "colour": "#FF6D00" }, "geometry": { "type": "Polygon", "coordinates": [ [ [ 6.595, 5.155 ], [ 6.595, 5.165 ], [ 6.585, 5.165 ], [ 6.585, 5.155 ], [ 6.595, 5.155 ] ] ] } },
{ "type": "Feature", "properties": { "lat": 5.17, "lon": 6.41, "crs": 0.5087, "crs_lower": 0.5248, "crs_upper": 0.6753, "risk_tier": "high", "population": 0, "colour": "#FF6D00" }, "geometry": { "type": "Polygon", "coordinates": [ [ [ 6.415, 5.165 ], [ 6.415, 5.175 ], [ 6.405, 5.175 ], [ 6.405, 5.165 ], [ 6.415, 5.165 ] ] ] } },
{ "type": "Feature", "properties": { "lat": 5.17, "lon": 6.42, "crs": 0.5079, "crs_lower": 0.5237, "crs_upper": 0.6744, "risk_tier": "high", "population": 0, "colour": "#FF6D00" }, "geometry": { "type": "Polygon", "coordinates": [ [ [ 6.425, 5.165 ], [ 6.425, 5.175 ], [ 6.415, 5.175 ], [ 6.415, 5.165 ], [ 6.425, 5.165 ] ] ] } },
{ "type": "Feature", "properties": { "lat": 5.17, "lon": 6.43, "crs": 0.5293, "crs_lower": 0.5305, "crs_upper": 0.6744, "risk_tier": "high", "population": 0, "colour": "#FF6D00" }, "geometry": { "type": "Polygon", "coordinates": [ [ [ 6.435, 5.165 ], [ 6.435, 5.175 ], [ 6.425, 5.175 ], [ 6.425, 5.165 ], [ 6.435, 5.165 ] ] ] } },
{ "type": "Feature", "properties": { "lat": 5.17, "lon": 6.44, "crs": 0.5324, "crs_lower": 0.5348, "crs_upper": 0.6728, "risk_tier": "high", "population": 13, "colour": "#FF6D00" }, "geometry": { "type": "Polygon", "coordinates": [ [ [ 6.445, 5.165 ], [ 6.445, 5.175 ], [ 6.435, 5.175 ], [ 6.435, 5.165 ], [ 6.445, 5.165 ] ] ] } },
{ "type": "Feature", "properties": { "lat": 5.17, "lon": 6.45, "crs": 0.5624, "crs_lower": 0.5775, "crs_upper": 0.7097, "risk_tier": "high", "population": 40, "colour": "#FF6D00" }, "geometry": { "type": "Polygon", "coordinates": [ [ [ 6.455, 5.165 ], [ 6.455, 5.175 ], [ 6.445, 5.175 ], [ 6.445, 5.165 ], [ 6.455, 5.165 ] ] ] } },
{ "type": "Feature", "properties": { "lat": 5.17, "lon": 6.46, "crs": 0.5624, "crs_lower": 0.5708, "crs_upper": 0.7097, "risk_tier": "high", "population": 0, "colour": "#FF6D00" }, "geometry": { "type": "Polygon", "coordinates": [ [ [ 6.465, 5.165 ], [ 6.465, 5.175 ], [ 6.455, 5.175 ], [ 6.455, 5.165 ], [ 6.465, 5.165 ] ] ] } },
{ "type": "Feature", "properties": { "lat": 5.17, "lon": 6.47, "crs": 0.5624, "crs_lower": 0.5708, "crs_upper": 0.7097, "risk_tier": "high", "population": 12, "colour": "#FF6D00" }, "geometry": { "type": "Polygon", "coordinates": [ [ [ 6.475, 5.165 ], [ 6.475, 5.175 ], [ 6.465, 5.175 ], [ 6.465, 5.165 ], [ 6.475, 5.165 ] ] ] } },
{ "type": "Feature", "properties": { "lat": 5.17, "lon": 6.57, "crs": 0.5112, "crs_lower": 0.528, "crs_upper": 0.6728, "risk_tier": "high", "population": 466, "colour": "#FF6D00" }, "geometry": { "type": "Polygon", "coordinates": [ [ [ 6.575, 5.165 ], [ 6.575, 5.175 ], [ 6.565, 5.175 ], [ 6.565, 5.165 ], [ 6.575, 5.165 ] ] ] } },
{ "type": "Feature", "properties": { "lat": 5.17, "lon": 6.58, "crs": 0.5302, "crs_lower": 0.5316, "crs_upper": 0.6753, "risk_tier": "high", "population": 2039, "colour": "#FF6D00" }, "geometry": { "type": "Polygon", "coordinates": [ [ [ 6.585, 5.165 ], [ 6.585, 5.175 ], [ 6.575, 5.175 ], [ 6.575, 5.165 ], [ 6.585, 5.165 ] ] ] } },
{ "type": "Feature", "properties": { "lat": 5.18, "lon": 6.42, "crs": 0.5079, "crs_lower": 0.5381, "crs_upper": 0.6744, "risk_tier": "high", "population": 0, "colour": "#FF6D00" }, "geometry": { "type": "Polygon", "coordinates": [ [ [ 6.425, 5.175 ], [ 6.425, 5.185 ], [ 6.415, 5.185 ], [ 6.415, 5.175 ], [ 6.425, 5.175 ] ] ] } },
{ "type": "Feature", "properties": { "lat": 5.18, "lon": 6.43, "crs": 0.5079, "crs_lower": 0.5305, "crs_upper": 0.6744, "risk_tier": "high", "population": 0, "colour": "#FF6D00" }, "geometry": { "type": "Polygon", "coordinates": [ [ [ 6.435, 5.175 ], [ 6.435, 5.185 ], [ 6.425, 5.185 ], [ 6.425, 5.175 ], [ 6.435, 5.175 ] ] ] } },
{ "type": "Feature", "properties": { "lat": 5.18, "lon": 6.44, "crs": 0.5325, "crs_lower": 0.5348, "crs_upper": 0.6728, "risk_tier": "high", "population": 54, "colour": "#FF6D00" }, "geometry": { "type": "Polygon", "coordinates": [ [ [ 6.445, 5.175 ], [ 6.445, 5.185 ], [ 6.435, 5.185 ], [ 6.435, 5.175 ], [ 6.445, 5.175 ] ] ] } },
{ "type": "Feature", "properties": { "lat": 5.18, "lon": 6.45, "crs": 0.5184, "crs_lower": 0.528, "crs_upper": 0.6728, "risk_tier": "high", "population": 0, "colour": "#FF6D00" }, "geometry": { "type": "Polygon", "coordinates": [ [ [ 6.455, 5.175 ], [ 6.455, 5.185 ], [ 6.445, 5.185 ], [ 6.445, 5.175 ], [ 6.455, 5.175 ] ] ] } },
{ "type": "Feature", "properties": { "lat": 5.18, "lon": 6.46, "crs": 0.5054, "crs_lower": 0.5228, "crs_upper": 0.666, "risk_tier": "high", "population": 17, "colour": "#FF6D00" }, "geometry": { "type": "Polygon", "coordinates": [ [ [ 6.465, 5.175 ], [ 6.465, 5.185 ], [ 6.455, 5.185 ], [ 6.455, 5.175 ], [ 6.465, 5.175 ] ] ] } },
{ "type": "Feature", "properties": { "lat": 5.18, "lon": 6.47, "crs": 0.5269, "crs_lower": 0.5372, "crs_upper": 0.666, "risk_tier": "high", "population": 37, "colour": "#FF6D00" }, "geometry": { "type": "Polygon", "coordinates": [ [ [ 6.475, 5.175 ], [ 6.475, 5.185 ], [ 6.465, 5.185 ], [ 6.465, 5.175 ], [ 6.475, 5.175 ] ] ] } },
{ "type": "Feature", "properties": { "lat": 5.18, "lon": 6.48, "crs": 0.5269, "crs_lower": 0.5372, "crs_upper": 0.666, "risk_tier": "high", "population": 30, "colour": "#FF6D00" }, "geometry": { "type": "Polygon", "coordinates": [ [ [ 6.485, 5.175 ], [ 6.485, 5.185 ], [ 6.475, 5.185 ], [ 6.475, 5.175 ], [ 6.485, 5.175 ] ] ] } },
{ "type": "Feature", "properties": { "lat": 5.18, "lon": 6.56, "crs": 0.5423, "crs_lower": 0.5708, "crs_upper": 0.7097, "risk_tier": "high", "population": 840, "colour": "#FF6D00" }, "geometry": { "type": "Polygon", "coordinates": [ [ [ 6.565, 5.175 ], [ 6.565, 5.185 ], [ 6.555, 5.185 ], [ 6.555, 5.175 ], [ 6.565, 5.175 ] ] ] } },
{ "type": "Feature", "properties": { "lat": 5.18, "lon": 6.57, "crs": 0.508, "crs_lower": 0.5237, "crs_upper": 0.6744, "risk_tier": "high", "population": 2371, "colour": "#FF6D00" }, "geometry": { "type": "Polygon", "coordinates": [ [ [ 6.575, 5.175 ], [ 6.575, 5.185 ], [ 6.565, 5.185 ], [ 6.565, 5.175 ], [ 6.575, 5.175 ] ] ] } },
{ "type": "Feature", "properties": { "lat": 5.18, "lon": 6.58, "crs": 0.5088, "crs_lower": 0.5248, "crs_upper": 0.6753, "risk_tier": "high", "population": 54, "colour": "#FF6D00" }, "geometry": { "type": "Polygon", "coordinates": [ [ [ 6.585, 5.175 ], [ 6.585, 5.185 ], [ 6.575, 5.185 ], [ 6.575, 5.175 ], [ 6.585, 5.175 ] ] ] } },
{ "type": "Feature", "properties": { "lat": 5.19, "lon": 6.43, "crs": 0.5293, "crs_lower": 0.5381, "crs_upper": 0.6744, "risk_tier": "high", "population": 0, "colour": "#FF6D00" }, "geometry": { "type": "Polygon", "coordinates": [ [ [ 6.435, 5.185 ], [ 6.435, 5.195 ], [ 6.425, 5.195 ], [ 6.425, 5.185 ], [ 6.435, 5.185 ] ] ] } },
{ "type": "Feature", "properties": { "lat": 5.19, "lon": 6.44, "crs": 0.5079, "crs_lower": 0.5237, "crs_upper": 0.6744, "risk_tier": "high", "population": 0, "colour": "#FF6D00" }, "geometry": { "type": "Polygon", "coordinates": [ [ [ 6.445, 5.185 ], [ 6.445, 5.195 ], [ 6.435, 5.195 ], [ 6.435, 5.185 ], [ 6.445, 5.185 ] ] ] } },
{ "type": "Feature", "properties": { "lat": 5.19, "lon": 6.45, "crs": 0.5423, "crs_lower": 0.5818, "crs_upper": 0.7097, "risk_tier": "high", "population": 0, "colour": "#FF6D00" }, "geometry": { "type": "Polygon", "coordinates": [ [ [ 6.455, 5.185 ], [ 6.455, 5.195 ], [ 6.445, 5.195 ], [ 6.445, 5.185 ], [ 6.455, 5.185 ] ] ] } },
{ "type": "Feature", "properties": { "lat": 5.19, "lon": 6.46, "crs": 0.5423, "crs_lower": 0.5708, "crs_upper": 0.7097, "risk_tier": "high", "population": 0, "colour": "#FF6D00" }, "geometry": { "type": "Polygon", "coordinates": [ [ [ 6.465, 5.185 ], [ 6.465, 5.195 ], [ 6.455, 5.195 ], [ 6.455, 5.185 ], [ 6.465, 5.185 ] ] ] } },
{ "type": "Feature", "properties": { "lat": 5.19, "lon": 6.47, "crs": 0.5054, "crs_lower": 0.5228, "crs_upper": 0.666, "risk_tier": "high", "population": 20, "colour": "#FF6D00" }, "geometry": { "type": "Polygon", "coordinates": [ [ [ 6.475, 5.185 ], [ 6.475, 5.195 ], [ 6.465, 5.195 ], [ 6.465, 5.185 ], [ 6.475, 5.185 ] ] ] } },
{ "type": "Feature", "properties": { "lat": 5.19, "lon": 6.48, "crs": 0.5127, "crs_lower": 0.5228, "crs_upper": 0.666, "risk_tier": "high", "population": 0, "colour": "#FF6D00" }, "geometry": { "type": "Polygon", "coordinates": [ [ [ 6.485, 5.185 ], [ 6.485, 5.195 ], [ 6.475, 5.195 ], [ 6.475, 5.185 ], [ 6.485, 5.185 ] ] ] } },
{ "type": "Feature", "properties": { "lat": 5.19, "lon": 6.55, "crs": 0.5423, "crs_lower": 0.5708, "crs_upper": 0.7097, "risk_tier": "high", "population": 4021, "colour": "#FF6D00" }, "geometry": { "type": "Polygon", "coordinates": [ [ [ 6.555, 5.185 ], [ 6.555, 5.195 ], [ 6.545, 5.195 ], [ 6.545, 5.185 ], [ 6.555, 5.185 ] ] ] } },
{ "type": "Feature", "properties": { "lat": 5.19, "lon": 6.56, "crs": 0.5079, "crs_lower": 0.5305, "crs_upper": 0.6744, "risk_tier": "high", "population": 4545, "colour": "#FF6D00" }, "geometry": { "type": "Polygon", "coordinates": [ [ [ 6.565, 5.185 ], [ 6.565, 5.195 ], [ 6.555, 5.195 ], [ 6.555, 5.185 ], [ 6.565, 5.185 ] ] ] } },
{ "type": "Feature", "properties": { "lat": 5.19, "lon": 6.57, "crs": 0.5088, "crs_lower": 0.5316, "crs_upper": 0.6753, "risk_tier": "high", "population": 0, "colour": "#FF6D00" }, "geometry": { "type": "Polygon", "coordinates": [ [ [ 6.575, 5.185 ], [ 6.575, 5.195 ], [ 6.565, 5.195 ], [ 6.565, 5.185 ], [ 6.575, 5.185 ] ] ] } },
{ "type": "Feature", "properties": { "lat": 5.19, "lon": 6.58, "crs": 0.5016, "crs_lower": 0.4964, "crs_upper": 0.6402, "risk_tier": "high", "population": 0, "colour": "#FF6D00" }, "geometry": { "type": "Polygon", "coordinates": [ [ [ 6.585, 5.185 ], [ 6.585, 5.195 ], [ 6.575, 5.195 ], [ 6.575, 5.185 ], [ 6.585, 5.185 ] ] ] } },
{ "type": "Feature", "properties": { "lat": 5.19, "lon": 6.59, "crs": 0.5016, "crs_lower": 0.4964, "crs_upper": 0.6402, "risk_tier": "high", "population": 624, "colour": "#FF6D00" }, "geometry": { "type": "Polygon", "coordinates": [ [ [ 6.595, 5.185 ], [ 6.595, 5.195 ], [ 6.585, 5.195 ], [ 6.585, 5.185 ], [ 6.595, 5.185 ] ] ] } },
{ "type": "Feature", "properties": { "lat": 5.2, "lon": 6.45, "crs": 0.5423, "crs_lower": 0.5775, "crs_upper": 0.7097, "risk_tier": "high", "population": 0, "colour": "#FF6D00" }, "geometry": { "type": "Polygon", "coordinates": [ [ [ 6.455, 5.195 ], [ 6.455, 5.205 ], [ 6.445, 5.205 ], [ 6.445, 5.195 ], [ 6.455, 5.195 ] ] ] } },
{ "type": "Feature", "properties": { "lat": 5.2, "lon": 6.46, "crs": 0.5423, "crs_lower": 0.5775, "crs_upper": 0.7097, "risk_tier": "high", "population": 0, "colour": "#FF6D00" }, "geometry": { "type": "Polygon", "coordinates": [ [ [ 6.465, 5.195 ], [ 6.465, 5.205 ], [ 6.455, 5.205 ], [ 6.455, 5.195 ], [ 6.465, 5.195 ] ] ] } },
{ "type": "Feature", "properties": { "lat": 5.2, "lon": 6.47, "crs": 0.5491, "crs_lower": 0.5849, "crs_upper": 0.7097, "risk_tier": "high", "population": 0, "colour": "#FF6D00" }, "geometry": { "type": "Polygon", "coordinates": [ [ [ 6.475, 5.195 ], [ 6.475, 5.205 ], [ 6.465, 5.205 ], [ 6.465, 5.195 ], [ 6.475, 5.195 ] ] ] } },
{ "type": "Feature", "properties": { "lat": 5.2, "lon": 6.48, "crs": 0.5689, "crs_lower": 0.5708, "crs_upper": 0.7097, "risk_tier": "high", "population": 0, "colour": "#FF6D00" }, "geometry": { "type": "Polygon", "coordinates": [ [ [ 6.485, 5.195 ], [ 6.485, 5.205 ], [ 6.475, 5.205 ], [ 6.475, 5.195 ], [ 6.485, 5.195 ] ] ] } },
{ "type": "Feature", "properties": { "lat": 5.2, "lon": 6.49, "crs": 0.5624, "crs_lower": 0.5849, "crs_upper": 0.7097, "risk_tier": "high", "population": 338, "colour": "#FF6D00" }, "geometry": { "type": "Polygon", "coordinates": [ [ [ 6.495, 5.195 ], [ 6.495, 5.205 ], [ 6.485, 5.205 ], [ 6.485, 5.195 ], [ 6.495, 5.195 ] ] ] } },
{ "type": "Feature", "properties": { "lat": 5.2, "lon": 6.54, "crs": 0.527, "crs_lower": 0.5228, "crs_upper": 0.666, "risk_tier": "high", "population": 0, "colour": "#FF6D00" }, "geometry": { "type": "Polygon", "coordinates": [ [ [ 6.545, 5.195 ], [ 6.545, 5.205 ], [ 6.535, 5.205 ], [ 6.535, 5.195 ], [ 6.545, 5.195 ] ] ] } },
{ "type": "Feature", "properties": { "lat": 5.2, "lon": 6.55, "crs": 0.5302, "crs_lower": 0.5248, "crs_upper": 0.6753, "risk_tier": "high", "population": 65, "colour": "#FF6D00" }, "geometry": { "type": "Polygon", "coordinates": [ [ [ 6.555, 5.195 ], [ 6.555, 5.205 ], [ 6.545, 5.205 ], [ 6.545, 5.195 ], [ 6.555, 5.195 ] ] ] } },
{ "type": "Feature", "properties": { "lat": 5.2, "lon": 6.56, "crs": 0.5302, "crs_lower": 0.5248, "crs_upper": 0.6753, "risk_tier": "high", "population": 4325, "colour": "#FF6D00" }, "geometry": { "type": "Polygon", "coordinates": [ [ [ 6.565, 5.195 ], [ 6.565, 5.205 ], [ 6.555, 5.205 ], [ 6.555, 5.195 ], [ 6.565, 5.195 ] ] ] } },
{ "type": "Feature", "properties": { "lat": 5.2, "lon": 6.57, "crs": 0.5016, "crs_lower": 0.504, "crs_upper": 0.6402, "risk_tier": "high", "population": 0, "colour": "#FF6D00" }, "geometry": { "type": "Polygon", "coordinates": [ [ [ 6.575, 5.195 ], [ 6.575, 5.205 ], [ 6.565, 5.205 ], [ 6.565, 5.195 ], [ 6.575, 5.195 ] ] ] } },
{ "type": "Feature", "properties": { "lat": 5.2, "lon": 6.59, "crs": 0.5016, "crs_lower": 0.4895, "crs_upper": 0.6402, "risk_tier": "high", "population": 1968, "colour": "#FF6D00" }, "geometry": { "type": "Polygon", "coordinates": [ [ [ 6.595, 5.195 ], [ 6.595, 5.205 ], [ 6.585, 5.205 ], [ 6.585, 5.195 ], [ 6.595, 5.195 ] ] ] } },
{ "type": "Feature", "properties": { "lat": 5.2, "lon": 6.6, "crs": 0.5016, "crs_lower": 0.504, "crs_upper": 0.6402, "risk_tier": "high", "population": 236, "colour": "#FF6D00" }, "geometry": { "type": "Polygon", "coordinates": [ [ [ 6.605, 5.195 ], [ 6.605, 5.205 ], [ 6.595, 5.205 ], [ 6.595, 5.195 ], [ 6.605, 5.195 ] ] ] } },
{ "type": "Feature", "properties": { "lat": 5.21, "lon": 6.48, "crs": 0.5248, "crs_lower": 0.5368, "crs_upper": 0.6805, "risk_tier": "high", "population": 0, "colour": "#FF6D00" }, "geometry": { "type": "Polygon", "coordinates": [ [ [ 6.485, 5.205 ], [ 6.485, 5.215 ], [ 6.475, 5.215 ], [ 6.475, 5.205 ], [ 6.485, 5.205 ] ] ] } },
{ "type": "Feature", "properties": { "lat": 5.21, "lon": 6.49, "crs": 0.5491, "crs_lower": 0.5708, "crs_upper": 0.7097, "risk_tier": "high", "population": 0, "colour": "#FF6D00" }, "geometry": { "type": "Polygon", "coordinates": [ [ [ 6.495, 5.205 ], [ 6.495, 5.215 ], [ 6.485, 5.215 ], [ 6.485, 5.205 ], [ 6.495, 5.205 ] ] ] } },
{ "type": "Feature", "properties": { "lat": 5.21, "lon": 6.5, "crs": 0.5423, "crs_lower": 0.5708, "crs_upper": 0.7097, "risk_tier": "high", "population": 0, "colour": "#FF6D00" }, "geometry": { "type": "Polygon", "coordinates": [ [ [ 6.505, 5.205 ], [ 6.505, 5.215 ], [ 6.495, 5.215 ], [ 6.495, 5.205 ], [ 6.505, 5.205 ] ] ] } },
{ "type": "Feature", "properties": { "lat": 5.21, "lon": 6.51, "crs": 0.5491, "crs_lower": 0.5849, "crs_upper": 0.7097, "risk_tier": "high", "population": 0, "colour": "#FF6D00" }, "geometry": { "type": "Polygon", "coordinates": [ [ [ 6.515, 5.205 ], [ 6.515, 5.215 ], [ 6.505, 5.215 ], [ 6.505, 5.205 ], [ 6.515, 5.205 ] ] ] } },
{ "type": "Feature", "properties": { "lat": 5.21, "lon": 6.52, "crs": 0.5624, "crs_lower": 0.5849, "crs_upper": 0.7097, "risk_tier": "high", "population": 227, "colour": "#FF6D00" }, "geometry": { "type": "Polygon", "coordinates": [ [ [ 6.525, 5.205 ], [ 6.525, 5.215 ], [ 6.515, 5.215 ], [ 6.515, 5.205 ], [ 6.525, 5.205 ] ] ] } },
{ "type": "Feature", "properties": { "lat": 5.21, "lon": 6.53, "crs": 0.5079, "crs_lower": 0.5237, "crs_upper": 0.6744, "risk_tier": "high", "population": 0, "colour": "#FF6D00" }, "geometry": { "type": "Polygon", "coordinates": [ [ [ 6.535, 5.205 ], [ 6.535, 5.215 ], [ 6.525, 5.215 ], [ 6.525, 5.205 ], [ 6.535, 5.205 ] ] ] } },
{ "type": "Feature", "properties": { "lat": 5.21, "lon": 6.55, "crs": 0.5302, "crs_lower": 0.5316, "crs_upper": 0.6753, "risk_tier": "high", "population": 182, "colour": "#FF6D00" }, "geometry": { "type": "Polygon", "coordinates": [ [ [ 6.555, 5.205 ], [ 6.555, 5.215 ], [ 6.545, 5.215 ], [ 6.545, 5.205 ], [ 6.555, 5.205 ] ] ] } },
{ "type": "Feature", "properties": { "lat": 5.21, "lon": 6.56, "crs": 0.5087, "crs_lower": 0.5248, "crs_upper": 0.6753, "risk_tier": "high", "population": 1149, "colour": "#FF6D00" }, "geometry": { "type": "Polygon", "coordinates": [ [ [ 6.565, 5.205 ], [ 6.565, 5.215 ], [ 6.555, 5.215 ], [ 6.555, 5.205 ], [ 6.565, 5.205 ] ] ] } },
{ "type": "Feature", "properties": { "lat": 5.22, "lon": 6.5, "crs": 0.5239, "crs_lower": 0.5381, "crs_upper": 0.6744, "risk_tier": "high", "population": 0, "colour": "#FF6D00" }, "geometry": { "type": "Polygon", "coordinates": [ [ [ 6.505, 5.215 ], [ 6.505, 5.225 ], [ 6.495, 5.225 ], [ 6.495, 5.215 ], [ 6.505, 5.215 ] ] ] } },
{ "type": "Feature", "properties": { "lat": 5.22, "lon": 6.51, "crs": 0.5079, "crs_lower": 0.5305, "crs_upper": 0.6744, "risk_tier": "high", "population": 0, "colour": "#FF6D00" }, "geometry": { "type": "Polygon", "coordinates": [ [ [ 6.515, 5.215 ], [ 6.515, 5.225 ], [ 6.505, 5.225 ], [ 6.505, 5.215 ], [ 6.515, 5.215 ] ] ] } },
{ "type": "Feature", "properties": { "lat": 5.22, "lon": 6.52, "crs": 0.5294, "crs_lower": 0.5237, "crs_upper": 0.6744, "risk_tier": "high", "population": 63, "colour": "#FF6D00" }, "geometry": { "type": "Polygon", "coordinates": [ [ [ 6.525, 5.215 ], [ 6.525, 5.225 ], [ 6.515, 5.225 ], [ 6.515, 5.215 ], [ 6.525, 5.215 ] ] ] } },
{ "type": "Feature", "properties": { "lat": 5.22, "lon": 6.53, "crs": 0.5015, "crs_lower": 0.4964, "crs_upper": 0.6402, "risk_tier": "high", "population": 16, "colour": "#FF6D00" }, "geometry": { "type": "Polygon", "coordinates": [ [ [ 6.535, 5.215 ], [ 6.535, 5.225 ], [ 6.525, 5.225 ], [ 6.525, 5.215 ], [ 6.535, 5.215 ] ] ] } },
{ "type": "Feature", "properties": { "lat": 5.23, "lon": 6.51, "crs": 0.5133, "crs_lower": 0.5309, "crs_upper": 0.6807, "risk_tier": "high", "population": 0, "colour": "#FF6D00" }, "geometry": { "type": "Polygon", "coordinates": [ [ [ 6.515, 5.225 ], [ 6.515, 5.235 ], [ 6.505, 5.235 ], [ 6.505, 5.225 ], [ 6.515, 5.225 ] ] ] } },
{ "type": "Feature", "properties": { "lat": 5.36, "lon": 6.69, "crs": 0.5407, "crs_lower": 0.5381, "crs_upper": 0.6744, "risk_tier": "high", "population": 0, "colour": "#FF6D00" }, "geometry": { "type": "Polygon", "coordinates": [ [ [ 6.695, 5.355 ], [ 6.695, 5.365 ], [ 6.685, 5.365 ], [ 6.685, 5.355 ], [ 6.695, 5.355 ] ] ] } },
{ "type": "Feature", "properties": { "lat": 5.36, "lon": 6.7, "crs": 0.569, "crs_lower": 0.5708, "crs_upper": 0.7097, "risk_tier": "high", "population": 0, "colour": "#FF6D00" }, "geometry": { "type": "Polygon", "coordinates": [ [ [ 6.705, 5.355 ], [ 6.705, 5.365 ], [ 6.695, 5.365 ], [ 6.695, 5.355 ], [ 6.705, 5.355 ] ] ] } },
{ "type": "Feature", "properties": { "lat": 5.37, "lon": 6.66, "crs": 0.569, "crs_lower": 0.5775, "crs_upper": 0.7097, "risk_tier": "high", "population": 2900, "colour": "#FF6D00" }, "geometry": { "type": "Polygon", "coordinates": [ [ [ 6.665, 5.365 ], [ 6.665, 5.375 ], [ 6.655, 5.375 ], [ 6.655, 5.365 ], [ 6.665, 5.365 ] ] ] } },
{ "type": "Feature", "properties": { "lat": 5.37, "lon": 6.67, "crs": 0.5395, "crs_lower": 0.5429, "crs_upper": 0.6728, "risk_tier": "high", "population": 1088, "colour": "#FF6D00" }, "geometry": { "type": "Polygon", "coordinates": [ [ [ 6.675, 5.365 ], [ 6.675, 5.375 ], [ 6.665, 5.375 ], [ 6.665, 5.365 ], [ 6.675, 5.365 ] ] ] } },
{ "type": "Feature", "properties": { "lat": 5.37, "lon": 6.68, "crs": 0.5395, "crs_lower": 0.528, "crs_upper": 0.6728, "risk_tier": "high", "population": 67, "colour": "#FF6D00" }, "geometry": { "type": "Polygon", "coordinates": [ [ [ 6.685, 5.365 ], [ 6.685, 5.375 ], [ 6.675, 5.375 ], [ 6.675, 5.365 ], [ 6.685, 5.365 ] ] ] } },
{ "type": "Feature", "properties": { "lat": 5.37, "lon": 6.69, "crs": 0.5201, "crs_lower": 0.5424, "crs_upper": 0.6728, "risk_tier": "high", "population": 642, "colour": "#FF6D00" }, "geometry": { "type": "Polygon", "coordinates": [ [ [ 6.695, 5.365 ], [ 6.695, 5.375 ], [ 6.685, 5.375 ], [ 6.685, 5.365 ], [ 6.695, 5.365 ] ] ] } },
{ "type": "Feature", "properties": { "lat": 5.37, "lon": 6.7, "crs": 0.569, "crs_lower": 0.5849, "crs_upper": 0.7097, "risk_tier": "high", "population": 0, "colour": "#FF6D00" }, "geometry": { "type": "Polygon", "coordinates": [ [ [ 6.705, 5.365 ], [ 6.705, 5.375 ], [ 6.695, 5.375 ], [ 6.695, 5.365 ], [ 6.705, 5.365 ] ] ] } },
{ "type": "Feature", "properties": { "lat": 5.37, "lon": 6.71, "crs": 0.5507, "crs_lower": 0.5708, "crs_upper": 0.7097, "risk_tier": "high", "population": 0, "colour": "#FF6D00" }, "geometry": { "type": "Polygon", "coordinates": [ [ [ 6.715, 5.365 ], [ 6.715, 5.375 ], [ 6.705, 5.375 ], [ 6.705, 5.365 ], [ 6.715, 5.365 ] ] ] } },
{ "type": "Feature", "properties": { "lat": 5.37, "lon": 6.72, "crs": 0.5507, "crs_lower": 0.5708, "crs_upper": 0.7097, "risk_tier": "high", "population": 0, "colour": "#FF6D00" }, "geometry": { "type": "Polygon", "coordinates": [ [ [ 6.725, 5.365 ], [ 6.725, 5.375 ], [ 6.715, 5.375 ], [ 6.715, 5.365 ], [ 6.725, 5.365 ] ] ] } },
{ "type": "Feature", "properties": { "lat": 5.37, "lon": 6.73, "crs": 0.5507, "crs_lower": 0.5708, "crs_upper": 0.7097, "risk_tier": "high", "population": 0, "colour": "#FF6D00" }, "geometry": { "type": "Polygon", "coordinates": [ [ [ 6.735, 5.365 ], [ 6.735, 5.375 ], [ 6.725, 5.375 ], [ 6.725, 5.365 ], [ 6.735, 5.365 ] ] ] } },
{ "type": "Feature", "properties": { "lat": 5.37, "lon": 6.74, "crs": 0.5507, "crs_lower": 0.5775, "crs_upper": 0.7097, "risk_tier": "high", "population": 0, "colour": "#FF6D00" }, "geometry": { "type": "Polygon", "coordinates": [ [ [ 6.745, 5.365 ], [ 6.745, 5.375 ], [ 6.735, 5.375 ], [ 6.735, 5.365 ], [ 6.745, 5.365 ] ] ] } },
{ "type": "Feature", "properties": { "lat": 5.38, "lon": 6.64, "crs": 0.569, "crs_lower": 0.5849, "crs_upper": 0.7097, "risk_tier": "high", "population": 0, "colour": "#FF6D00" }, "geometry": { "type": "Polygon", "coordinates": [ [ [ 6.645, 5.375 ], [ 6.645, 5.385 ], [ 6.635, 5.385 ], [ 6.635, 5.375 ], [ 6.645, 5.375 ] ] ] } },
{ "type": "Feature", "properties": { "lat": 5.38, "lon": 6.65, "crs": 0.569, "crs_lower": 0.5708, "crs_upper": 0.7097, "risk_tier": "high", "population": 0, "colour": "#FF6D00" }, "geometry": { "type": "Polygon", "coordinates": [ [ [ 6.655, 5.375 ], [ 6.655, 5.385 ], [ 6.645, 5.385 ], [ 6.645, 5.375 ], [ 6.655, 5.375 ] ] ] } },
{ "type": "Feature", "properties": { "lat": 5.38, "lon": 6.66, "crs": 0.569, "crs_lower": 0.5854, "crs_upper": 0.7097, "risk_tier": "high", "population": 71, "colour": "#FF6D00" }, "geometry": { "type": "Polygon", "coordinates": [ [ [ 6.665, 5.375 ], [ 6.665, 5.385 ], [ 6.655, 5.385 ], [ 6.655, 5.375 ], [ 6.665, 5.375 ] ] ] } },
{ "type": "Feature", "properties": { "lat": 5.38, "lon": 6.67, "crs": 0.569, "crs_lower": 0.5708, "crs_upper": 0.7097, "risk_tier": "high", "population": 1488, "colour": "#FF6D00" }, "geometry": { "type": "Polygon", "coordinates": [ [ [ 6.675, 5.375 ], [ 6.675, 5.385 ], [ 6.665, 5.385 ], [ 6.665, 5.375 ], [ 6.675, 5.375 ] ] ] } },
{ "type": "Feature", "properties": { "lat": 5.38, "lon": 6.68, "crs": 0.569, "crs_lower": 0.5849, "crs_upper": 0.7097, "risk_tier": "high", "population": 449, "colour": "#FF6D00" }, "geometry": { "type": "Polygon", "coordinates": [ [ [ 6.685, 5.375 ], [ 6.685, 5.385 ], [ 6.675, 5.385 ], [ 6.675, 5.375 ], [ 6.685, 5.375 ] ] ] } },
{ "type": "Feature", "properties": { "lat": 5.38, "lon": 6.69, "crs": 0.5575, "crs_lower": 0.5775, "crs_upper": 0.7097, "risk_tier": "high", "population": 1450, "colour": "#FF6D00" }, "geometry": { "type": "Polygon", "coordinates": [ [ [ 6.695, 5.375 ], [ 6.695, 5.385 ], [ 6.685, 5.385 ], [ 6.685, 5.375 ], [ 6.695, 5.375 ] ] ] } },
{ "type": "Feature", "properties": { "lat": 5.38, "lon": 6.7, "crs": 0.569, "crs_lower": 0.5708, "crs_upper": 0.7097, "risk_tier": "high", "population": 53, "colour": "#FF6D00" }, "geometry": { "type": "Polygon", "coordinates": [ [ [ 6.705, 5.375 ], [ 6.705, 5.385 ], [ 6.695, 5.385 ], [ 6.695, 5.375 ], [ 6.705, 5.375 ] ] ] } },
{ "type": "Feature", "properties": { "lat": 5.38, "lon": 6.71, "crs": 0.569, "crs_lower": 0.5708, "crs_upper": 0.7097, "risk_tier": "high", "population": 0, "colour": "#FF6D00" }, "geometry": { "type": "Polygon", "coordinates": [ [ [ 6.715, 5.375 ], [ 6.715, 5.385 ], [ 6.705, 5.385 ], [ 6.705, 5.375 ], [ 6.715, 5.375 ] ] ] } },
{ "type": "Feature", "properties": { "lat": 5.38, "lon": 6.72, "crs": 0.5507, "crs_lower": 0.5849, "crs_upper": 0.7097, "risk_tier": "high", "population": 0, "colour": "#FF6D00" }, "geometry": { "type": "Polygon", "coordinates": [ [ [ 6.725, 5.375 ], [ 6.725, 5.385 ], [ 6.715, 5.385 ], [ 6.715, 5.375 ], [ 6.725, 5.375 ] ] ] } },
{ "type": "Feature", "properties": { "lat": 5.38, "lon": 6.73, "crs": 0.5507, "crs_lower": 0.5849, "crs_upper": 0.7097, "risk_tier": "high", "population": 0, "colour": "#FF6D00" }, "geometry": { "type": "Polygon", "coordinates": [ [ [ 6.735, 5.375 ], [ 6.735, 5.385 ], [ 6.725, 5.385 ], [ 6.725, 5.375 ], [ 6.735, 5.375 ] ] ] } },
{ "type": "Feature", "properties": { "lat": 5.38, "lon": 6.74, "crs": 0.5507, "crs_lower": 0.5708, "crs_upper": 0.7097, "risk_tier": "high", "population": 0, "colour": "#FF6D00" }, "geometry": { "type": "Polygon", "coordinates": [ [ [ 6.745, 5.375 ], [ 6.745, 5.385 ], [ 6.735, 5.385 ], [ 6.735, 5.375 ], [ 6.745, 5.375 ] ] ] } },
{ "type": "Feature", "properties": { "lat": 5.38, "lon": 6.75, "crs": 0.5507, "crs_lower": 0.5775, "crs_upper": 0.7097, "risk_tier": "high", "population": 40, "colour": "#FF6D00" }, "geometry": { "type": "Polygon", "coordinates": [ [ [ 6.755, 5.375 ], [ 6.755, 5.385 ], [ 6.745, 5.385 ], [ 6.745, 5.375 ], [ 6.755, 5.375 ] ] ] } },
{ "type": "Feature", "properties": { "lat": 5.39, "lon": 6.63, "crs": 0.569, "crs_lower": 0.5747, "crs_upper": 0.7097, "risk_tier": "high", "population": 36, "colour": "#FF6D00" }, "geometry": { "type": "Polygon", "coordinates": [ [ [ 6.635, 5.385 ], [ 6.635, 5.395 ], [ 6.625, 5.395 ], [ 6.625, 5.385 ], [ 6.635, 5.385 ] ] ] } },
{ "type": "Feature", "properties": { "lat": 5.39, "lon": 6.64, "crs": 0.569, "crs_lower": 0.5849, "crs_upper": 0.7097, "risk_tier": "high", "population": 0, "colour": "#FF6D00" }, "geometry": { "type": "Polygon", "coordinates": [ [ [ 6.645, 5.385 ], [ 6.645, 5.395 ], [ 6.635, 5.395 ], [ 6.635, 5.385 ], [ 6.645, 5.385 ] ] ] } },
{ "type": "Feature", "properties": { "lat": 5.39, "lon": 6.65, "crs": 0.569, "crs_lower": 0.5849, "crs_upper": 0.7097, "risk_tier": "high", "population": 1181, "colour": "#FF6D00" }, "geometry": { "type": "Polygon", "coordinates": [ [ [ 6.655, 5.385 ], [ 6.655, 5.395 ], [ 6.645, 5.395 ], [ 6.645, 5.385 ], [ 6.655, 5.385 ] ] ] } },
{ "type": "Feature", "properties": { "lat": 5.39, "lon": 6.66, "crs": 0.569, "crs_lower": 0.5849, "crs_upper": 0.7097, "risk_tier": "high", "population": 3852, "colour": "#FF6D00" }, "geometry": { "type": "Polygon", "coordinates": [ [ [ 6.665, 5.385 ], [ 6.665, 5.395 ], [ 6.655, 5.395 ], [ 6.655, 5.385 ], [ 6.665, 5.385 ] ] ] } },
{ "type": "Feature", "properties": { "lat": 5.39, "lon": 6.67, "crs": 0.569, "crs_lower": 0.5708, "crs_upper": 0.7097, "risk_tier": "high", "population": 5725, "colour": "#FF6D00" }, "geometry": { "type": "Polygon", "coordinates": [ [ [ 6.675, 5.385 ], [ 6.675, 5.395 ], [ 6.665, 5.395 ], [ 6.665, 5.385 ], [ 6.675, 5.385 ] ] ] } },
{ "type": "Feature", "properties": { "lat": 5.39, "lon": 6.68, "crs": 0.569, "crs_lower": 0.5849, "crs_upper": 0.7097, "risk_tier": "high", "population": 4084, "colour": "#FF6D00" }, "geometry": { "type": "Polygon", "coordinates": [ [ [ 6.685, 5.385 ], [ 6.685, 5.395 ], [ 6.675, 5.395 ], [ 6.675, 5.385 ], [ 6.685, 5.385 ] ] ] } },
{ "type": "Feature", "properties": { "lat": 5.39, "lon": 6.69, "crs": 0.569, "crs_lower": 0.5849, "crs_upper": 0.7097, "risk_tier": "high", "population": 1241, "colour": "#FF6D00" }, "geometry": { "type": "Polygon", "coordinates": [ [ [ 6.695, 5.385 ], [ 6.695, 5.395 ], [ 6.685, 5.395 ], [ 6.685, 5.385 ], [ 6.695, 5.385 ] ] ] } },
{ "type": "Feature", "properties": { "lat": 5.39, "lon": 6.7, "crs": 0.5507, "crs_lower": 0.5775, "crs_upper": 0.7097, "risk_tier": "high", "population": 0, "colour": "#FF6D00" }, "geometry": { "type": "Polygon", "coordinates": [ [ [ 6.705, 5.385 ], [ 6.705, 5.395 ], [ 6.695, 5.395 ], [ 6.695, 5.385 ], [ 6.705, 5.385 ] ] ] } },
{ "type": "Feature", "properties": { "lat": 5.39, "lon": 6.71, "crs": 0.569, "crs_lower": 0.5849, "crs_upper": 0.7097, "risk_tier": "high", "population": 0, "colour": "#FF6D00" }, "geometry": { "type": "Polygon", "coordinates": [ [ [ 6.715, 5.385 ], [ 6.715, 5.395 ], [ 6.705, 5.395 ], [ 6.705, 5.385 ], [ 6.715, 5.385 ] ] ] } },
{ "type": "Feature", "properties": { "lat": 5.39, "lon": 6.72, "crs": 0.5507, "crs_lower": 0.5708, "crs_upper": 0.7097, "risk_tier": "high", "population": 0, "colour": "#FF6D00" }, "geometry": { "type": "Polygon", "coordinates": [ [ [ 6.725, 5.385 ], [ 6.725, 5.395 ], [ 6.715, 5.395 ], [ 6.715, 5.385 ], [ 6.725, 5.385 ] ] ] } },
{ "type": "Feature", "properties": { "lat": 5.39, "lon": 6.73, "crs": 0.569, "crs_lower": 0.5849, "crs_upper": 0.7097, "risk_tier": "high", "population": 0, "colour": "#FF6D00" }, "geometry": { "type": "Polygon", "coordinates": [ [ [ 6.735, 5.385 ], [ 6.735, 5.395 ], [ 6.725, 5.395 ], [ 6.725, 5.385 ], [ 6.735, 5.385 ] ] ] } },
{ "type": "Feature", "properties": { "lat": 5.39, "lon": 6.74, "crs": 0.569, "crs_lower": 0.5775, "crs_upper": 0.7097, "risk_tier": "high", "population": 0, "colour": "#FF6D00" }, "geometry": { "type": "Polygon", "coordinates": [ [ [ 6.745, 5.385 ], [ 6.745, 5.395 ], [ 6.735, 5.395 ], [ 6.735, 5.385 ], [ 6.745, 5.385 ] ] ] } },
{ "type": "Feature", "properties": { "lat": 5.39, "lon": 6.75, "crs": 0.5507, "crs_lower": 0.5849, "crs_upper": 0.7097, "risk_tier": "high", "population": 0, "colour": "#FF6D00" }, "geometry": { "type": "Polygon", "coordinates": [ [ [ 6.755, 5.385 ], [ 6.755, 5.395 ], [ 6.745, 5.395 ], [ 6.745, 5.385 ], [ 6.755, 5.385 ] ] ] } },
{ "type": "Feature", "properties": { "lat": 5.39, "lon": 6.76, "crs": 0.5201, "crs_lower": 0.5424, "crs_upper": 0.6728, "risk_tier": "high", "population": 40, "colour": "#FF6D00" }, "geometry": { "type": "Polygon", "coordinates": [ [ [ 6.765, 5.385 ], [ 6.765, 5.395 ], [ 6.755, 5.395 ], [ 6.755, 5.385 ], [ 6.765, 5.385 ] ] ] } },
{ "type": "Feature", "properties": { "lat": 5.4, "lon": 6.62, "crs": 0.569, "crs_lower": 0.5849, "crs_upper": 0.7097, "risk_tier": "high", "population": 177, "colour": "#FF6D00" }, "geometry": { "type": "Polygon", "coordinates": [ [ [ 6.625, 5.395 ], [ 6.625, 5.405 ], [ 6.615, 5.405 ], [ 6.615, 5.395 ], [ 6.625, 5.395 ] ] ] } },
{ "type": "Feature", "properties": { "lat": 5.4, "lon": 6.63, "crs": 0.569, "crs_lower": 0.5775, "crs_upper": 0.7097, "risk_tier": "high", "population": 343, "colour": "#FF6D00" }, "geometry": { "type": "Polygon", "coordinates": [ [ [ 6.635, 5.395 ], [ 6.635, 5.405 ], [ 6.625, 5.405 ], [ 6.625, 5.395 ], [ 6.635, 5.395 ] ] ] } },
{ "type": "Feature", "properties": { "lat": 5.4, "lon": 6.64, "crs": 0.569, "crs_lower": 0.5708, "crs_upper": 0.7097, "risk_tier": "high", "population": 0, "colour": "#FF6D00" }, "geometry": { "type": "Polygon", "coordinates": [ [ [ 6.645, 5.395 ], [ 6.645, 5.405 ], [ 6.635, 5.405 ], [ 6.635, 5.395 ], [ 6.645, 5.395 ] ] ] } },
{ "type": "Feature", "properties": { "lat": 5.4, "lon": 6.65, "crs": 0.569, "crs_lower": 0.5849, "crs_upper": 0.7097, "risk_tier": "high", "population": 0, "colour": "#FF6D00" }, "geometry": { "type": "Polygon", "coordinates": [ [ [ 6.655, 5.395 ], [ 6.655, 5.405 ], [ 6.645, 5.405 ], [ 6.645, 5.395 ], [ 6.655, 5.395 ] ] ] } },
{ "type": "Feature", "properties": { "lat": 5.4, "lon": 6.66, "crs": 0.569, "crs_lower": 0.5849, "crs_upper": 0.7097, "risk_tier": "high", "population": 1717, "colour": "#FF6D00" }, "geometry": { "type": "Polygon", "coordinates": [ [ [ 6.665, 5.395 ], [ 6.665, 5.405 ], [ 6.655, 5.405 ], [ 6.655, 5.395 ], [ 6.665, 5.395 ] ] ] } },
{ "type": "Feature", "properties": { "lat": 5.4, "lon": 6.67, "crs": 0.569, "crs_lower": 0.5849, "crs_upper": 0.7097, "risk_tier": "high", "population": 6504, "colour": "#FF6D00" }, "geometry": { "type": "Polygon", "coordinates": [ [ [ 6.675, 5.395 ], [ 6.675, 5.405 ], [ 6.665, 5.405 ], [ 6.665, 5.395 ], [ 6.675, 5.395 ] ] ] } },
{ "type": "Feature", "properties": { "lat": 5.4, "lon": 6.68, "crs": 0.5507, "crs_lower": 0.5849, "crs_upper": 0.7097, "risk_tier": "high", "population": 3388, "colour": "#FF6D00" }, "geometry": { "type": "Polygon", "coordinates": [ [ [ 6.685, 5.395 ], [ 6.685, 5.405 ], [ 6.675, 5.405 ], [ 6.675, 5.395 ], [ 6.685, 5.395 ] ] ] } },
{ "type": "Feature", "properties": { "lat": 5.4, "lon": 6.69, "crs": 0.569, "crs_lower": 0.5999, "crs_upper": 0.7097, "risk_tier": "high", "population": 0, "colour": "#FF6D00" }, "geometry": { "type": "Polygon", "coordinates": [ [ [ 6.695, 5.395 ], [ 6.695, 5.405 ], [ 6.685, 5.405 ], [ 6.685, 5.395 ], [ 6.695, 5.395 ] ] ] } },
{ "type": "Feature", "properties": { "lat": 5.4, "lon": 6.7, "crs": 0.5575, "crs_lower": 0.5849, "crs_upper": 0.7097, "risk_tier": "high", "population": 0, "colour": "#FF6D00" }, "geometry": { "type": "Polygon", "coordinates": [ [ [ 6.705, 5.395 ], [ 6.705, 5.405 ], [ 6.695, 5.405 ], [ 6.695, 5.395 ], [ 6.705, 5.395 ] ] ] } },
{ "type": "Feature", "properties": { "lat": 5.4, "lon": 6.71, "crs": 0.5507, "crs_lower": 0.5849, "crs_upper": 0.7097, "risk_tier": "high", "population": 0, "colour": "#FF6D00" }, "geometry": { "type": "Polygon", "coordinates": [ [ [ 6.715, 5.395 ], [ 6.715, 5.405 ], [ 6.705, 5.405 ], [ 6.705, 5.395 ], [ 6.715, 5.395 ] ] ] } },
{ "type": "Feature", "properties": { "lat": 5.4, "lon": 6.72, "crs": 0.5575, "crs_lower": 0.5775, "crs_upper": 0.7097, "risk_tier": "high", "population": 0, "colour": "#FF6D00" }, "geometry": { "type": "Polygon", "coordinates": [ [ [ 6.725, 5.395 ], [ 6.725, 5.405 ], [ 6.715, 5.405 ], [ 6.715, 5.395 ], [ 6.725, 5.395 ] ] ] } },
{ "type": "Feature", "properties": { "lat": 5.4, "lon": 6.73, "crs": 0.5507, "crs_lower": 0.5849, "crs_upper": 0.7097, "risk_tier": "high", "population": 0, "colour": "#FF6D00" }, "geometry": { "type": "Polygon", "coordinates": [ [ [ 6.735, 5.395 ], [ 6.735, 5.405 ], [ 6.725, 5.405 ], [ 6.725, 5.395 ], [ 6.735, 5.395 ] ] ] } },
{ "type": "Feature", "properties": { "lat": 5.4, "lon": 6.74, "crs": 0.5507, "crs_lower": 0.5708, "crs_upper": 0.7097, "risk_tier": "high", "population": 0, "colour": "#FF6D00" }, "geometry": { "type": "Polygon", "coordinates": [ [ [ 6.745, 5.395 ], [ 6.745, 5.405 ], [ 6.735, 5.405 ], [ 6.735, 5.395 ], [ 6.745, 5.395 ] ] ] } },
{ "type": "Feature", "properties": { "lat": 5.4, "lon": 6.75, "crs": 0.5507, "crs_lower": 0.5708, "crs_upper": 0.7097, "risk_tier": "high", "population": 0, "colour": "#FF6D00" }, "geometry": { "type": "Polygon", "coordinates": [ [ [ 6.755, 5.395 ], [ 6.755, 5.405 ], [ 6.745, 5.405 ], [ 6.745, 5.395 ], [ 6.755, 5.395 ] ] ] } },
{ "type": "Feature", "properties": { "lat": 5.4, "lon": 6.76, "crs": 0.5507, "crs_lower": 0.5849, "crs_upper": 0.7097, "risk_tier": "high", "population": 30, "colour": "#FF6D00" }, "geometry": { "type": "Polygon", "coordinates": [ [ [ 6.765, 5.395 ], [ 6.765, 5.405 ], [ 6.755, 5.405 ], [ 6.755, 5.395 ], [ 6.765, 5.395 ] ] ] } },
{ "type": "Feature", "properties": { "lat": 5.4, "lon": 6.77, "crs": 0.5201, "crs_lower": 0.528, "crs_upper": 0.6728, "risk_tier": "high", "population": 266, "colour": "#FF6D00" }, "geometry": { "type": "Polygon", "coordinates": [ [ [ 6.775, 5.395 ], [ 6.775, 5.405 ], [ 6.765, 5.405 ], [ 6.765, 5.395 ], [ 6.775, 5.395 ] ] ] } },
{ "type": "Feature", "properties": { "lat": 5.41, "lon": 6.62, "crs": 0.569, "crs_lower": 0.5849, "crs_upper": 0.7097, "risk_tier": "high", "population": 0, "colour": "#FF6D00" }, "geometry": { "type": "Polygon", "coordinates": [ [ [ 6.625, 5.405 ], [ 6.625, 5.415 ], [ 6.615, 5.415 ], [ 6.615, 5.405 ], [ 6.625, 5.405 ] ] ] } },
{ "type": "Feature", "properties": { "lat": 5.41, "lon": 6.63, "crs": 0.569, "crs_lower": 0.5849, "crs_upper": 0.7097, "risk_tier": "high", "population": 163, "colour": "#FF6D00" }, "geometry": { "type": "Polygon", "coordinates": [ [ [ 6.635, 5.405 ], [ 6.635, 5.415 ], [ 6.625, 5.415 ], [ 6.625, 5.405 ], [ 6.635, 5.405 ] ] ] } },
{ "type": "Feature", "properties": { "lat": 5.41, "lon": 6.64, "crs": 0.569, "crs_lower": 0.5849, "crs_upper": 0.7097, "risk_tier": "high", "population": 0, "colour": "#FF6D00" }, "geometry": { "type": "Polygon", "coordinates": [ [ [ 6.645, 5.405 ], [ 6.645, 5.415 ], [ 6.635, 5.415 ], [ 6.635, 5.405 ], [ 6.645, 5.405 ] ] ] } },
{ "type": "Feature", "properties": { "lat": 5.41, "lon": 6.65, "crs": 0.569, "crs_lower": 0.5708, "crs_upper": 0.7097, "risk_tier": "high", "population": 286, "colour": "#FF6D00" }, "geometry": { "type": "Polygon", "coordinates": [ [ [ 6.655, 5.405 ], [ 6.655, 5.415 ], [ 6.645, 5.415 ], [ 6.645, 5.405 ], [ 6.655, 5.405 ] ] ] } },
{ "type": "Feature", "properties": { "lat": 5.41, "lon": 6.66, "crs": 0.5575, "crs_lower": 0.5849, "crs_upper": 0.7097, "risk_tier": "high", "population": 0, "colour": "#FF6D00" }, "geometry": { "type": "Polygon", "coordinates": [ [ [ 6.665, 5.405 ], [ 6.665, 5.415 ], [ 6.655, 5.415 ], [ 6.655, 5.405 ], [ 6.665, 5.405 ] ] ] } },
{ "type": "Feature", "properties": { "lat": 5.41, "lon": 6.67, "crs": 0.569, "crs_lower": 0.5849, "crs_upper": 0.7097, "risk_tier": "high", "population": 0, "colour": "#FF6D00" }, "geometry": { "type": "Polygon", "coordinates": [ [ [ 6.675, 5.405 ], [ 6.675, 5.415 ], [ 6.665, 5.415 ], [ 6.665, 5.405 ], [ 6.675, 5.405 ] ] ] } },
{ "type": "Feature", "properties": { "lat": 5.41, "lon": 6.68, "crs": 0.5507, "crs_lower": 0.5849, "crs_upper": 0.7097, "risk_tier": "high", "population": 317, "colour": "#FF6D00" }, "geometry": { "type": "Polygon", "coordinates": [ [ [ 6.685, 5.405 ], [ 6.685, 5.415 ], [ 6.675, 5.415 ], [ 6.675, 5.405 ], [ 6.685, 5.405 ] ] ] } },
{ "type": "Feature", "properties": { "lat": 5.41, "lon": 6.69, "crs": 0.569, "crs_lower": 0.5849, "crs_upper": 0.7097, "risk_tier": "high", "population": 0, "colour": "#FF6D00" }, "geometry": { "type": "Polygon", "coordinates": [ [ [ 6.695, 5.405 ], [ 6.695, 5.415 ], [ 6.685, 5.415 ], [ 6.685, 5.405 ], [ 6.695, 5.405 ] ] ] } },
{ "type": "Feature", "properties": { "lat": 5.41, "lon": 6.7, "crs": 0.569, "crs_lower": 0.5849, "crs_upper": 0.7097, "risk_tier": "high", "population": 0, "colour": "#FF6D00" }, "geometry": { "type": "Polygon", "coordinates": [ [ [ 6.705, 5.405 ], [ 6.705, 5.415 ], [ 6.695, 5.415 ], [ 6.695, 5.405 ], [ 6.705, 5.405 ] ] ] } },
{ "type": "Feature", "properties": { "lat": 5.41, "lon": 6.71, "crs": 0.569, "crs_lower": 0.5708, "crs_upper": 0.7097, "risk_tier": "high", "population": 0, "colour": "#FF6D00" }, "geometry": { "type": "Polygon", "coordinates": [ [ [ 6.715, 5.405 ], [ 6.715, 5.415 ], [ 6.705, 5.415 ], [ 6.705, 5.405 ], [ 6.715, 5.405 ] ] ] } },
{ "type": "Feature", "properties": { "lat": 5.41, "lon": 6.72, "crs": 0.534, "crs_lower": 0.529, "crs_upper": 0.666, "risk_tier": "high", "population": 0, "colour": "#FF6D00" }, "geometry": { "type": "Polygon", "coordinates": [ [ [ 6.725, 5.405 ], [ 6.725, 5.415 ], [ 6.715, 5.415 ], [ 6.715, 5.405 ], [ 6.725, 5.405 ] ] ] } },
{ "type": "Feature", "properties": { "lat": 5.41, "lon": 6.73, "crs": 0.569, "crs_lower": 0.5849, "crs_upper": 0.7097, "risk_tier": "high", "population": 99, "colour": "#FF6D00" }, "geometry": { "type": "Polygon", "coordinates": [ [ [ 6.735, 5.405 ], [ 6.735, 5.415 ], [ 6.725, 5.415 ], [ 6.725, 5.405 ], [ 6.735, 5.405 ] ] ] } },
{ "type": "Feature", "properties": { "lat": 5.41, "lon": 6.74, "crs": 0.5507, "crs_lower": 0.5849, "crs_upper": 0.7097, "risk_tier": "high", "population": 0, "colour": "#FF6D00" }, "geometry": { "type": "Polygon", "coordinates": [ [ [ 6.745, 5.405 ], [ 6.745, 5.415 ], [ 6.735, 5.415 ], [ 6.735, 5.405 ], [ 6.745, 5.405 ] ] ] } },
{ "type": "Feature", "properties": { "lat": 5.41, "lon": 6.75, "crs": 0.5507, "crs_lower": 0.5775, "crs_upper": 0.7097, "risk_tier": "high", "population": 0, "colour": "#FF6D00" }, "geometry": { "type": "Polygon", "coordinates": [ [ [ 6.755, 5.405 ], [ 6.755, 5.415 ], [ 6.745, 5.415 ], [ 6.745, 5.405 ], [ 6.755, 5.405 ] ] ] } },
{ "type": "Feature", "properties": { "lat": 5.41, "lon": 6.76, "crs": 0.5507, "crs_lower": 0.5708, "crs_upper": 0.7097, "risk_tier": "high", "population": 0, "colour": "#FF6D00" }, "geometry": { "type": "Polygon", "coordinates": [ [ [ 6.765, 5.405 ], [ 6.765, 5.415 ], [ 6.755, 5.415 ], [ 6.755, 5.405 ], [ 6.765, 5.405 ] ] ] } },
{ "type": "Feature", "properties": { "lat": 5.41, "lon": 6.77, "crs": 0.5201, "crs_lower": 0.528, "crs_upper": 0.6728, "risk_tier": "high", "population": 0, "colour": "#FF6D00" }, "geometry": { "type": "Polygon", "coordinates": [ [ [ 6.775, 5.405 ], [ 6.775, 5.415 ], [ 6.765, 5.415 ], [ 6.765, 5.405 ], [ 6.775, 5.405 ] ] ] } },
{ "type": "Feature", "properties": { "lat": 5.41, "lon": 6.78, "crs": 0.5395, "crs_lower": 0.5424, "crs_upper": 0.6728, "risk_tier": "high", "population": 0, "colour": "#FF6D00" }, "geometry": { "type": "Polygon", "coordinates": [ [ [ 6.785, 5.405 ], [ 6.785, 5.415 ], [ 6.775, 5.415 ], [ 6.775, 5.405 ], [ 6.785, 5.405 ] ] ] } },
{ "type": "Feature", "properties": { "lat": 5.42, "lon": 6.61, "crs": 0.569, "crs_lower": 0.5849, "crs_upper": 0.7097, "risk_tier": "high", "population": 102, "colour": "#FF6D00" }, "geometry": { "type": "Polygon", "coordinates": [ [ [ 6.615, 5.415 ], [ 6.615, 5.425 ], [ 6.605, 5.425 ], [ 6.605, 5.415 ], [ 6.615, 5.415 ] ] ] } },
{ "type": "Feature", "properties": { "lat": 5.42, "lon": 6.62, "crs": 0.569, "crs_lower": 0.5849, "crs_upper": 0.7097, "risk_tier": "high", "population": 191, "colour": "#FF6D00" }, "geometry": { "type": "Polygon", "coordinates": [ [ [ 6.625, 5.415 ], [ 6.625, 5.425 ], [ 6.615, 5.425 ], [ 6.615, 5.415 ], [ 6.625, 5.415 ] ] ] } },
{ "type": "Feature", "properties": { "lat": 5.42, "lon": 6.63, "crs": 0.5507, "crs_lower": 0.5708, "crs_upper": 0.7097, "risk_tier": "high", "population": 0, "colour": "#FF6D00" }, "geometry": { "type": "Polygon", "coordinates": [ [ [ 6.635, 5.415 ], [ 6.635, 5.425 ], [ 6.625, 5.425 ], [ 6.625, 5.415 ], [ 6.635, 5.415 ] ] ] } },
{ "type": "Feature", "properties": { "lat": 5.42, "lon": 6.64, "crs": 0.5507, "crs_lower": 0.5747, "crs_upper": 0.7097, "risk_tier": "high", "population": 0, "colour": "#FF6D00" }, "geometry": { "type": "Polygon", "coordinates": [ [ [ 6.645, 5.415 ], [ 6.645, 5.425 ], [ 6.635, 5.425 ], [ 6.635, 5.415 ], [ 6.645, 5.415 ] ] ] } },
{ "type": "Feature", "properties": { "lat": 5.42, "lon": 6.65, "crs": 0.5507, "crs_lower": 0.5849, "crs_upper": 0.7097, "risk_tier": "high", "population": 218, "colour": "#FF6D00" }, "geometry": { "type": "Polygon", "coordinates": [ [ [ 6.655, 5.415 ], [ 6.655, 5.425 ], [ 6.645, 5.425 ], [ 6.645, 5.415 ], [ 6.655, 5.415 ] ] ] } },
{ "type": "Feature", "properties": { "lat": 5.42, "lon": 6.66, "crs": 0.5507, "crs_lower": 0.5775, "crs_upper": 0.7097, "risk_tier": "high", "population": 0, "colour": "#FF6D00" }, "geometry": { "type": "Polygon", "coordinates": [ [ [ 6.665, 5.415 ], [ 6.665, 5.425 ], [ 6.655, 5.425 ], [ 6.655, 5.415 ], [ 6.665, 5.415 ] ] ] } },
{ "type": "Feature", "properties": { "lat": 5.42, "lon": 6.67, "crs": 0.5507, "crs_lower": 0.5849, "crs_upper": 0.7097, "risk_tier": "high", "population": 0, "colour": "#FF6D00" }, "geometry": { "type": "Polygon", "coordinates": [ [ [ 6.675, 5.415 ], [ 6.675, 5.425 ], [ 6.665, 5.425 ], [ 6.665, 5.415 ], [ 6.675, 5.415 ] ] ] } },
{ "type": "Feature", "properties": { "lat": 5.42, "lon": 6.68, "crs": 0.5507, "crs_lower": 0.5708, "crs_upper": 0.7097, "risk_tier": "high", "population": 0, "colour": "#FF6D00" }, "geometry": { "type": "Polygon", "coordinates": [ [ [ 6.685, 5.415 ], [ 6.685, 5.425 ], [ 6.675, 5.425 ], [ 6.675, 5.415 ], [ 6.685, 5.415 ] ] ] } },
{ "type": "Feature", "properties": { "lat": 5.42, "lon": 6.69, "crs": 0.569, "crs_lower": 0.5775, "crs_upper": 0.7097, "risk_tier": "high", "population": 0, "colour": "#FF6D00" }, "geometry": { "type": "Polygon", "coordinates": [ [ [ 6.695, 5.415 ], [ 6.695, 5.425 ], [ 6.685, 5.425 ], [ 6.685, 5.415 ], [ 6.695, 5.415 ] ] ] } },
{ "type": "Feature", "properties": { "lat": 5.42, "lon": 6.7, "crs": 0.5575, "crs_lower": 0.5849, "crs_upper": 0.7097, "risk_tier": "high", "population": 0, "colour": "#FF6D00" }, "geometry": { "type": "Polygon", "coordinates": [ [ [ 6.705, 5.415 ], [ 6.705, 5.425 ], [ 6.695, 5.425 ], [ 6.695, 5.415 ], [ 6.705, 5.415 ] ] ] } },
{ "type": "Feature", "properties": { "lat": 5.42, "lon": 6.71, "crs": 0.5507, "crs_lower": 0.5775, "crs_upper": 0.7097, "risk_tier": "high", "population": 0, "colour": "#FF6D00" }, "geometry": { "type": "Polygon", "coordinates": [ [ [ 6.715, 5.415 ], [ 6.715, 5.425 ], [ 6.705, 5.425 ], [ 6.705, 5.415 ], [ 6.715, 5.415 ] ] ] } },
{ "type": "Feature", "properties": { "lat": 5.42, "lon": 6.72, "crs": 0.5507, "crs_lower": 0.5775, "crs_upper": 0.7097, "risk_tier": "high", "population": 0, "colour": "#FF6D00" }, "geometry": { "type": "Polygon", "coordinates": [ [ [ 6.725, 5.415 ], [ 6.725, 5.425 ], [ 6.715, 5.425 ], [ 6.715, 5.415 ], [ 6.725, 5.415 ] ] ] } },
{ "type": "Feature", "properties": { "lat": 5.42, "lon": 6.73, "crs": 0.5575, "crs_lower": 0.5708, "crs_upper": 0.7097, "risk_tier": "high", "population": 0, "colour": "#FF6D00" }, "geometry": { "type": "Polygon", "coordinates": [ [ [ 6.735, 5.415 ], [ 6.735, 5.425 ], [ 6.725, 5.425 ], [ 6.725, 5.415 ], [ 6.735, 5.415 ] ] ] } },
{ "type": "Feature", "properties": { "lat": 5.42, "lon": 6.74, "crs": 0.5507, "crs_lower": 0.5849, "crs_upper": 0.7097, "risk_tier": "high", "population": 0, "colour": "#FF6D00" }, "geometry": { "type": "Polygon", "coordinates": [ [ [ 6.745, 5.415 ], [ 6.745, 5.425 ], [ 6.735, 5.425 ], [ 6.735, 5.415 ], [ 6.745, 5.415 ] ] ] } },
{ "type": "Feature", "properties": { "lat": 5.42, "lon": 6.75, "crs": 0.5507, "crs_lower": 0.5708, "crs_upper": 0.7097, "risk_tier": "high", "population": 0, "colour": "#FF6D00" }, "geometry": { "type": "Polygon", "coordinates": [ [ [ 6.755, 5.415 ], [ 6.755, 5.425 ], [ 6.745, 5.425 ], [ 6.745, 5.415 ], [ 6.755, 5.415 ] ] ] } },
{ "type": "Feature", "properties": { "lat": 5.42, "lon": 6.76, "crs": 0.5507, "crs_lower": 0.5849, "crs_upper": 0.7097, "risk_tier": "high", "population": 0, "colour": "#FF6D00" }, "geometry": { "type": "Polygon", "coordinates": [ [ [ 6.765, 5.415 ], [ 6.765, 5.425 ], [ 6.755, 5.425 ], [ 6.755, 5.415 ], [ 6.765, 5.415 ] ] ] } },
{ "type": "Feature", "properties": { "lat": 5.42, "lon": 6.77, "crs": 0.5201, "crs_lower": 0.528, "crs_upper": 0.6728, "risk_tier": "high", "population": 139, "colour": "#FF6D00" }, "geometry": { "type": "Polygon", "coordinates": [ [ [ 6.775, 5.415 ], [ 6.775, 5.425 ], [ 6.765, 5.425 ], [ 6.765, 5.415 ], [ 6.775, 5.415 ] ] ] } },
{ "type": "Feature", "properties": { "lat": 5.42, "lon": 6.78, "crs": 0.5395, "crs_lower": 0.5424, "crs_upper": 0.6728, "risk_tier": "high", "population": 0, "colour": "#FF6D00" }, "geometry": { "type": "Polygon", "coordinates": [ [ [ 6.785, 5.415 ], [ 6.785, 5.425 ], [ 6.775, 5.425 ], [ 6.775, 5.415 ], [ 6.785, 5.415 ] ] ] } },
{ "type": "Feature", "properties": { "lat": 5.43, "lon": 6.61, "crs": 0.569, "crs_lower": 0.5849, "crs_upper": 0.7097, "risk_tier": "high", "population": 138, "colour": "#FF6D00" }, "geometry": { "type": "Polygon", "coordinates": [ [ [ 6.615, 5.425 ], [ 6.615, 5.435 ], [ 6.605, 5.435 ], [ 6.605, 5.425 ], [ 6.615, 5.425 ] ] ] } },
{ "type": "Feature", "properties": { "lat": 5.43, "lon": 6.62, "crs": 0.5575, "crs_lower": 0.5775, "crs_upper": 0.7097, "risk_tier": "high", "population": 72, "colour": "#FF6D00" }, "geometry": { "type": "Polygon", "coordinates": [ [ [ 6.625, 5.425 ], [ 6.625, 5.435 ], [ 6.615, 5.435 ], [ 6.615, 5.425 ], [ 6.625, 5.425 ] ] ] } },
{ "type": "Feature", "properties": { "lat": 5.43, "lon": 6.63, "crs": 0.569, "crs_lower": 0.5747, "crs_upper": 0.7097, "risk_tier": "high", "population": 0, "colour": "#FF6D00" }, "geometry": { "type": "Polygon", "coordinates": [ [ [ 6.635, 5.425 ], [ 6.635, 5.435 ], [ 6.625, 5.435 ], [ 6.625, 5.425 ], [ 6.635, 5.425 ] ] ] } },
{ "type": "Feature", "properties": { "lat": 5.43, "lon": 6.64, "crs": 0.5507, "crs_lower": 0.5775, "crs_upper": 0.7097, "risk_tier": "high", "population": 0, "colour": "#FF6D00" }, "geometry": { "type": "Polygon", "coordinates": [ [ [ 6.645, 5.425 ], [ 6.645, 5.435 ], [ 6.635, 5.435 ], [ 6.635, 5.425 ], [ 6.645, 5.425 ] ] ] } },
{ "type": "Feature", "properties": { "lat": 5.43, "lon": 6.65, "crs": 0.5507, "crs_lower": 0.5708, "crs_upper": 0.7097, "risk_tier": "high", "population": 0, "colour": "#FF6D00" }, "geometry": { "type": "Polygon", "coordinates": [ [ [ 6.655, 5.425 ], [ 6.655, 5.435 ], [ 6.645, 5.435 ], [ 6.645, 5.425 ], [ 6.655, 5.425 ] ] ] } },
{ "type": "Feature", "properties": { "lat": 5.43, "lon": 6.66, "crs": 0.5507, "crs_lower": 0.5849, "crs_upper": 0.7097, "risk_tier": "high", "population": 0, "colour": "#FF6D00" }, "geometry": { "type": "Polygon", "coordinates": [ [ [ 6.665, 5.425 ], [ 6.665, 5.435 ], [ 6.655, 5.435 ], [ 6.655, 5.425 ], [ 6.665, 5.425 ] ] ] } },
{ "type": "Feature", "properties": { "lat": 5.43, "lon": 6.67, "crs": 0.5575, "crs_lower": 0.5818, "crs_upper": 0.7097, "risk_tier": "high", "population": 0, "colour": "#FF6D00" }, "geometry": { "type": "Polygon", "coordinates": [ [ [ 6.675, 5.425 ], [ 6.675, 5.435 ], [ 6.665, 5.435 ], [ 6.665, 5.425 ], [ 6.675, 5.425 ] ] ] } },
{ "type": "Feature", "properties": { "lat": 5.43, "lon": 6.68, "crs": 0.5507, "crs_lower": 0.5775, "crs_upper": 0.7097, "risk_tier": "high", "population": 0, "colour": "#FF6D00" }, "geometry": { "type": "Polygon", "coordinates": [ [ [ 6.685, 5.425 ], [ 6.685, 5.435 ], [ 6.675, 5.435 ], [ 6.675, 5.425 ], [ 6.685, 5.425 ] ] ] } },
{ "type": "Feature", "properties": { "lat": 5.43, "lon": 6.69, "crs": 0.569, "crs_lower": 0.5849, "crs_upper": 0.7097, "risk_tier": "high", "population": 546, "colour": "#FF6D00" }, "geometry": { "type": "Polygon", "coordinates": [ [ [ 6.695, 5.425 ], [ 6.695, 5.435 ], [ 6.685, 5.435 ], [ 6.685, 5.425 ], [ 6.695, 5.425 ] ] ] } },
{ "type": "Feature", "properties": { "lat": 5.43, "lon": 6.7, "crs": 0.569, "crs_lower": 0.5849, "crs_upper": 0.7097, "risk_tier": "high", "population": 0, "colour": "#FF6D00" }, "geometry": { "type": "Polygon", "coordinates": [ [ [ 6.705, 5.425 ], [ 6.705, 5.435 ], [ 6.695, 5.435 ], [ 6.695, 5.425 ], [ 6.705, 5.425 ] ] ] } },
{ "type": "Feature", "properties": { "lat": 5.43, "lon": 6.71, "crs": 0.5507, "crs_lower": 0.5849, "crs_upper": 0.7097, "risk_tier": "high", "population": 0, "colour": "#FF6D00" }, "geometry": { "type": "Polygon", "coordinates": [ [ [ 6.715, 5.425 ], [ 6.715, 5.435 ], [ 6.705, 5.435 ], [ 6.705, 5.425 ], [ 6.715, 5.425 ] ] ] } },
{ "type": "Feature", "properties": { "lat": 5.43, "lon": 6.72, "crs": 0.5507, "crs_lower": 0.5849, "crs_upper": 0.7097, "risk_tier": "high", "population": 0, "colour": "#FF6D00" }, "geometry": { "type": "Polygon", "coordinates": [ [ [ 6.725, 5.425 ], [ 6.725, 5.435 ], [ 6.715, 5.435 ], [ 6.715, 5.425 ], [ 6.725, 5.425 ] ] ] } },
{ "type": "Feature", "properties": { "lat": 5.43, "lon": 6.73, "crs": 0.5507, "crs_lower": 0.5708, "crs_upper": 0.7097, "risk_tier": "high", "population": 0, "colour": "#FF6D00" }, "geometry": { "type": "Polygon", "coordinates": [ [ [ 6.735, 5.425 ], [ 6.735, 5.435 ], [ 6.725, 5.435 ], [ 6.725, 5.425 ], [ 6.735, 5.425 ] ] ] } },
{ "type": "Feature", "properties": { "lat": 5.43, "lon": 6.74, "crs": 0.5507, "crs_lower": 0.5849, "crs_upper": 0.7097, "risk_tier": "high", "population": 0, "colour": "#FF6D00" }, "geometry": { "type": "Polygon", "coordinates": [ [ [ 6.745, 5.425 ], [ 6.745, 5.435 ], [ 6.735, 5.435 ], [ 6.735, 5.425 ], [ 6.745, 5.425 ] ] ] } },
{ "type": "Feature", "properties": { "lat": 5.43, "lon": 6.75, "crs": 0.5507, "crs_lower": 0.5849, "crs_upper": 0.7097, "risk_tier": "high", "population": 0, "colour": "#FF6D00" }, "geometry": { "type": "Polygon", "coordinates": [ [ [ 6.755, 5.425 ], [ 6.755, 5.435 ], [ 6.745, 5.435 ], [ 6.745, 5.425 ], [ 6.755, 5.425 ] ] ] } },
{ "type": "Feature", "properties": { "lat": 5.43, "lon": 6.76, "crs": 0.5507, "crs_lower": 0.5708, "crs_upper": 0.7097, "risk_tier": "high", "population": 0, "colour": "#FF6D00" }, "geometry": { "type": "Polygon", "coordinates": [ [ [ 6.765, 5.425 ], [ 6.765, 5.435 ], [ 6.755, 5.435 ], [ 6.755, 5.425 ], [ 6.765, 5.425 ] ] ] } },
{ "type": "Feature", "properties": { "lat": 5.43, "lon": 6.77, "crs": 0.5395, "crs_lower": 0.5424, "crs_upper": 0.6728, "risk_tier": "high", "population": 945, "colour": "#FF6D00" }, "geometry": { "type": "Polygon", "coordinates": [ [ [ 6.775, 5.425 ], [ 6.775, 5.435 ], [ 6.765, 5.435 ], [ 6.765, 5.425 ], [ 6.775, 5.425 ] ] ] } },
{ "type": "Feature", "properties": { "lat": 5.43, "lon": 6.78, "crs": 0.5395, "crs_lower": 0.5424, "crs_upper": 0.6728, "risk_tier": "high", "population": 0, "colour": "#FF6D00" }, "geometry": { "type": "Polygon", "coordinates": [ [ [ 6.785, 5.425 ], [ 6.785, 5.435 ], [ 6.775, 5.435 ], [ 6.775, 5.425 ], [ 6.785, 5.425 ] ] ] } },
{ "type": "Feature", "properties": { "lat": 5.43, "lon": 6.79, "crs": 0.5201, "crs_lower": 0.528, "crs_upper": 0.6728, "risk_tier": "high", "population": 0, "colour": "#FF6D00" }, "geometry": { "type": "Polygon", "coordinates": [ [ [ 6.795, 5.425 ], [ 6.795, 5.435 ], [ 6.785, 5.435 ], [ 6.785, 5.425 ], [ 6.795, 5.425 ] ] ] } },
{ "type": "Feature", "properties": { "lat": 5.44, "lon": 6.6, "crs": 0.569, "crs_lower": 0.5849, "crs_upper": 0.7097, "risk_tier": "high", "population": 107, "colour": "#FF6D00" }, "geometry": { "type": "Polygon", "coordinates": [ [ [ 6.605, 5.435 ], [ 6.605, 5.445 ], [ 6.595, 5.445 ], [ 6.595, 5.435 ], [ 6.605, 5.435 ] ] ] } },
{ "type": "Feature", "properties": { "lat": 5.44, "lon": 6.61, "crs": 0.569, "crs_lower": 0.5775, "crs_upper": 0.7097, "risk_tier": "high", "population": 129, "colour": "#FF6D00" }, "geometry": { "type": "Polygon", "coordinates": [ [ [ 6.615, 5.435 ], [ 6.615, 5.445 ], [ 6.605, 5.445 ], [ 6.605, 5.435 ], [ 6.615, 5.435 ] ] ] } },
{ "type": "Feature", "properties": { "lat": 5.44, "lon": 6.62, "crs": 0.569, "crs_lower": 0.5849, "crs_upper": 0.7097, "risk_tier": "high", "population": 39, "colour": "#FF6D00" }, "geometry": { "type": "Polygon", "coordinates": [ [ [ 6.625, 5.435 ], [ 6.625, 5.445 ], [ 6.615, 5.445 ], [ 6.615, 5.435 ], [ 6.625, 5.435 ] ] ] } },
{ "type": "Feature", "properties": { "lat": 5.44, "lon": 6.63, "crs": 0.5575, "crs_lower": 0.6088, "crs_upper": 0.7097, "risk_tier": "high", "population": 0, "colour": "#FF6D00" }, "geometry": { "type": "Polygon", "coordinates": [ [ [ 6.635, 5.435 ], [ 6.635, 5.445 ], [ 6.625, 5.445 ], [ 6.625, 5.435 ], [ 6.635, 5.435 ] ] ] } },
{ "type": "Feature", "properties": { "lat": 5.44, "lon": 6.64, "crs": 0.5575, "crs_lower": 0.5849, "crs_upper": 0.7097, "risk_tier": "high", "population": 0, "colour": "#FF6D00" }, "geometry": { "type": "Polygon", "coordinates": [ [ [ 6.645, 5.435 ], [ 6.645, 5.445 ], [ 6.635, 5.445 ], [ 6.635, 5.435 ], [ 6.645, 5.435 ] ] ] } },
{ "type": "Feature", "properties": { "lat": 5.44, "lon": 6.65, "crs": 0.5575, "crs_lower": 0.5775, "crs_upper": 0.7097, "risk_tier": "high", "population": 88, "colour": "#FF6D00" }, "geometry": { "type": "Polygon", "coordinates": [ [ [ 6.655, 5.435 ], [ 6.655, 5.445 ], [ 6.645, 5.445 ], [ 6.645, 5.435 ], [ 6.655, 5.435 ] ] ] } },
{ "type": "Feature", "properties": { "lat": 5.44, "lon": 6.66, "crs": 0.569, "crs_lower": 0.5849, "crs_upper": 0.7097, "risk_tier": "high", "population": 0, "colour": "#FF6D00" }, "geometry": { "type": "Polygon", "coordinates": [ [ [ 6.665, 5.435 ], [ 6.665, 5.445 ], [ 6.655, 5.445 ], [ 6.655, 5.435 ], [ 6.665, 5.435 ] ] ] } },
{ "type": "Feature", "properties": { "lat": 5.44, "lon": 6.67, "crs": 0.569, "crs_lower": 0.5708, "crs_upper": 0.7097, "risk_tier": "high", "population": 0, "colour": "#FF6D00" }, "geometry": { "type": "Polygon", "coordinates": [ [ [ 6.675, 5.435 ], [ 6.675, 5.445 ], [ 6.665, 5.445 ], [ 6.665, 5.435 ], [ 6.675, 5.435 ] ] ] } },
{ "type": "Feature", "properties": { "lat": 5.44, "lon": 6.68, "crs": 0.569, "crs_lower": 0.5775, "crs_upper": 0.7097, "risk_tier": "high", "population": 0, "colour": "#FF6D00" }, "geometry": { "type": "Polygon", "coordinates": [ [ [ 6.685, 5.435 ], [ 6.685, 5.445 ], [ 6.675, 5.445 ], [ 6.675, 5.435 ], [ 6.685, 5.435 ] ] ] } },
{ "type": "Feature", "properties": { "lat": 5.44, "lon": 6.69, "crs": 0.569, "crs_lower": 0.5849, "crs_upper": 0.7097, "risk_tier": "high", "population": 694, "colour": "#FF6D00" }, "geometry": { "type": "Polygon", "coordinates": [ [ [ 6.695, 5.435 ], [ 6.695, 5.445 ], [ 6.685, 5.445 ], [ 6.685, 5.435 ], [ 6.695, 5.435 ] ] ] } },
{ "type": "Feature", "properties": { "lat": 5.44, "lon": 6.7, "crs": 0.569, "crs_lower": 0.5849, "crs_upper": 0.7097, "risk_tier": "high", "population": 0, "colour": "#FF6D00" }, "geometry": { "type": "Polygon", "coordinates": [ [ [ 6.705, 5.435 ], [ 6.705, 5.445 ], [ 6.695, 5.445 ], [ 6.695, 5.435 ], [ 6.705, 5.435 ] ] ] } },
{ "type": "Feature", "properties": { "lat": 5.44, "lon": 6.71, "crs": 0.5507, "crs_lower": 0.5849, "crs_upper": 0.7097, "risk_tier": "high", "population": 0, "colour": "#FF6D00" }, "geometry": { "type": "Polygon", "coordinates": [ [ [ 6.715, 5.435 ], [ 6.715, 5.445 ], [ 6.705, 5.445 ], [ 6.705, 5.435 ], [ 6.715, 5.435 ] ] ] } },
{ "type": "Feature", "properties": { "lat": 5.44, "lon": 6.72, "crs": 0.5507, "crs_lower": 0.5849, "crs_upper": 0.7097, "risk_tier": "high", "population": 0, "colour": "#FF6D00" }, "geometry": { "type": "Polygon", "coordinates": [ [ [ 6.725, 5.435 ], [ 6.725, 5.445 ], [ 6.715, 5.445 ], [ 6.715, 5.435 ], [ 6.725, 5.435 ] ] ] } },
{ "type": "Feature", "properties": { "lat": 5.44, "lon": 6.73, "crs": 0.5507, "crs_lower": 0.5849, "crs_upper": 0.7097, "risk_tier": "high", "population": 0, "colour": "#FF6D00" }, "geometry": { "type": "Polygon", "coordinates": [ [ [ 6.735, 5.435 ], [ 6.735, 5.445 ], [ 6.725, 5.445 ], [ 6.725, 5.435 ], [ 6.735, 5.435 ] ] ] } },
{ "type": "Feature", "properties": { "lat": 5.44, "lon": 6.74, "crs": 0.5201, "crs_lower": 0.528, "crs_upper": 0.6728, "risk_tier": "high", "population": 0, "colour": "#FF6D00" }, "geometry": { "type": "Polygon", "coordinates": [ [ [ 6.745, 5.435 ], [ 6.745, 5.445 ], [ 6.735, 5.445 ], [ 6.735, 5.435 ], [ 6.745, 5.435 ] ] ] } },
{ "type": "Feature", "properties": { "lat": 5.44, "lon": 6.75, "crs": 0.5201, "crs_lower": 0.5424, "crs_upper": 0.6728, "risk_tier": "high", "population": 0, "colour": "#FF6D00" }, "geometry": { "type": "Polygon", "coordinates": [ [ [ 6.755, 5.435 ], [ 6.755, 5.445 ], [ 6.745, 5.445 ], [ 6.745, 5.435 ], [ 6.755, 5.435 ] ] ] } },
{ "type": "Feature", "properties": { "lat": 5.44, "lon": 6.76, "crs": 0.5201, "crs_lower": 0.5424, "crs_upper": 0.6728, "risk_tier": "high", "population": 0, "colour": "#FF6D00" }, "geometry": { "type": "Polygon", "coordinates": [ [ [ 6.765, 5.435 ], [ 6.765, 5.445 ], [ 6.755, 5.445 ], [ 6.755, 5.435 ], [ 6.765, 5.435 ] ] ] } },
{ "type": "Feature", "properties": { "lat": 5.44, "lon": 6.77, "crs": 0.5395, "crs_lower": 0.5424, "crs_upper": 0.6728, "risk_tier": "high", "population": 0, "colour": "#FF6D00" }, "geometry": { "type": "Polygon", "coordinates": [ [ [ 6.775, 5.435 ], [ 6.775, 5.445 ], [ 6.765, 5.445 ], [ 6.765, 5.435 ], [ 6.775, 5.435 ] ] ] } },
{ "type": "Feature", "properties": { "lat": 5.44, "lon": 6.78, "crs": 0.5272, "crs_lower": 0.5424, "crs_upper": 0.6728, "risk_tier": "high", "population": 117, "colour": "#FF6D00" }, "geometry": { "type": "Polygon", "coordinates": [ [ [ 6.785, 5.435 ], [ 6.785, 5.445 ], [ 6.775, 5.445 ], [ 6.775, 5.435 ], [ 6.785, 5.435 ] ] ] } },
{ "type": "Feature", "properties": { "lat": 5.44, "lon": 6.79, "crs": 0.5201, "crs_lower": 0.528, "crs_upper": 0.6728, "risk_tier": "high", "population": 32, "colour": "#FF6D00" }, "geometry": { "type": "Polygon", "coordinates": [ [ [ 6.795, 5.435 ], [ 6.795, 5.445 ], [ 6.785, 5.445 ], [ 6.785, 5.435 ], [ 6.795, 5.435 ] ] ] } },
{ "type": "Feature", "properties": { "lat": 5.45, "lon": 6.6, "crs": 0.569, "crs_lower": 0.6141, "crs_upper": 0.7097, "risk_tier": "high", "population": 141, "colour": "#FF6D00" }, "geometry": { "type": "Polygon", "coordinates": [ [ [ 6.605, 5.445 ], [ 6.605, 5.455 ], [ 6.595, 5.455 ], [ 6.595, 5.445 ], [ 6.605, 5.445 ] ] ] } },
{ "type": "Feature", "properties": { "lat": 5.45, "lon": 6.61, "crs": 0.569, "crs_lower": 0.5775, "crs_upper": 0.7097, "risk_tier": "high", "population": 82, "colour": "#FF6D00" }, "geometry": { "type": "Polygon", "coordinates": [ [ [ 6.615, 5.445 ], [ 6.615, 5.455 ], [ 6.605, 5.455 ], [ 6.605, 5.445 ], [ 6.615, 5.445 ] ] ] } },
{ "type": "Feature", "properties": { "lat": 5.45, "lon": 6.62, "crs": 0.569, "crs_lower": 0.5708, "crs_upper": 0.7097, "risk_tier": "high", "population": 145, "colour": "#FF6D00" }, "geometry": { "type": "Polygon", "coordinates": [ [ [ 6.625, 5.445 ], [ 6.625, 5.455 ], [ 6.615, 5.455 ], [ 6.615, 5.445 ], [ 6.625, 5.445 ] ] ] } },
{ "type": "Feature", "properties": { "lat": 5.45, "lon": 6.63, "crs": 0.569, "crs_lower": 0.5775, "crs_upper": 0.7097, "risk_tier": "high", "population": 118, "colour": "#FF6D00" }, "geometry": { "type": "Polygon", "coordinates": [ [ [ 6.635, 5.445 ], [ 6.635, 5.455 ], [ 6.625, 5.455 ], [ 6.625, 5.445 ], [ 6.635, 5.445 ] ] ] } },
{ "type": "Feature", "properties": { "lat": 5.45, "lon": 6.64, "crs": 0.569, "crs_lower": 0.5849, "crs_upper": 0.7097, "risk_tier": "high", "population": 103, "colour": "#FF6D00" }, "geometry": { "type": "Polygon", "coordinates": [ [ [ 6.645, 5.445 ], [ 6.645, 5.455 ], [ 6.635, 5.455 ], [ 6.635, 5.445 ], [ 6.645, 5.445 ] ] ] } },
{ "type": "Feature", "properties": { "lat": 5.45, "lon": 6.65, "crs": 0.569, "crs_lower": 0.5963, "crs_upper": 0.7097, "risk_tier": "high", "population": 288, "colour": "#FF6D00" }, "geometry": { "type": "Polygon", "coordinates": [ [ [ 6.655, 5.445 ], [ 6.655, 5.455 ], [ 6.645, 5.455 ], [ 6.645, 5.445 ], [ 6.655, 5.445 ] ] ] } },
{ "type": "Feature", "properties": { "lat": 5.45, "lon": 6.66, "crs": 0.569, "crs_lower": 0.592, "crs_upper": 0.7097, "risk_tier": "high", "population": 228, "colour": "#FF6D00" }, "geometry": { "type": "Polygon", "coordinates": [ [ [ 6.665, 5.445 ], [ 6.665, 5.455 ], [ 6.655, 5.455 ], [ 6.655, 5.445 ], [ 6.665, 5.445 ] ] ] } },
{ "type": "Feature", "properties": { "lat": 5.45, "lon": 6.67, "crs": 0.569, "crs_lower": 0.5849, "crs_upper": 0.7097, "risk_tier": "high", "population": 358, "colour": "#FF6D00" }, "geometry": { "type": "Polygon", "coordinates": [ [ [ 6.675, 5.445 ], [ 6.675, 5.455 ], [ 6.665, 5.455 ], [ 6.665, 5.445 ], [ 6.675, 5.445 ] ] ] } },
{ "type": "Feature", "properties": { "lat": 5.45, "lon": 6.68, "crs": 0.569, "crs_lower": 0.5775, "crs_upper": 0.7097, "risk_tier": "high", "population": 0, "colour": "#FF6D00" }, "geometry": { "type": "Polygon", "coordinates": [ [ [ 6.685, 5.445 ], [ 6.685, 5.455 ], [ 6.675, 5.455 ], [ 6.675, 5.445 ], [ 6.685, 5.445 ] ] ] } },
{ "type": "Feature", "properties": { "lat": 5.45, "lon": 6.69, "crs": 0.569, "crs_lower": 0.5849, "crs_upper": 0.7097, "risk_tier": "high", "population": 1726, "colour": "#FF6D00" }, "geometry": { "type": "Polygon", "coordinates": [ [ [ 6.695, 5.445 ], [ 6.695, 5.455 ], [ 6.685, 5.455 ], [ 6.685, 5.445 ], [ 6.695, 5.445 ] ] ] } },
{ "type": "Feature", "properties": { "lat": 5.45, "lon": 6.7, "crs": 0.569, "crs_lower": 0.5854, "crs_upper": 0.7097, "risk_tier": "high", "population": 828, "colour": "#FF6D00" }, "geometry": { "type": "Polygon", "coordinates": [ [ [ 6.705, 5.445 ], [ 6.705, 5.455 ], [ 6.695, 5.455 ], [ 6.695, 5.445 ], [ 6.705, 5.445 ] ] ] } },
{ "type": "Feature", "properties": { "lat": 5.45, "lon": 6.71, "crs": 0.569, "crs_lower": 0.5708, "crs_upper": 0.7097, "risk_tier": "high", "population": 0, "colour": "#FF6D00" }, "geometry": { "type": "Polygon", "coordinates": [ [ [ 6.715, 5.445 ], [ 6.715, 5.455 ], [ 6.705, 5.455 ], [ 6.705, 5.445 ], [ 6.715, 5.445 ] ] ] } },
{ "type": "Feature", "properties": { "lat": 5.45, "lon": 6.72, "crs": 0.569, "crs_lower": 0.5849, "crs_upper": 0.7097, "risk_tier": "high", "population": 0, "colour": "#FF6D00" }, "geometry": { "type": "Polygon", "coordinates": [ [ [ 6.725, 5.445 ], [ 6.725, 5.455 ], [ 6.715, 5.455 ], [ 6.715, 5.445 ], [ 6.725, 5.445 ] ] ] } },
{ "type": "Feature", "properties": { "lat": 5.45, "lon": 6.73, "crs": 0.569, "crs_lower": 0.5747, "crs_upper": 0.7097, "risk_tier": "high", "population": 34, "colour": "#FF6D00" }, "geometry": { "type": "Polygon", "coordinates": [ [ [ 6.735, 5.445 ], [ 6.735, 5.455 ], [ 6.725, 5.455 ], [ 6.725, 5.445 ], [ 6.735, 5.445 ] ] ] } },
{ "type": "Feature", "properties": { "lat": 5.45, "lon": 6.74, "crs": 0.569, "crs_lower": 0.5775, "crs_upper": 0.7097, "risk_tier": "high", "population": 0, "colour": "#FF6D00" }, "geometry": { "type": "Polygon", "coordinates": [ [ [ 6.745, 5.445 ], [ 6.745, 5.455 ], [ 6.735, 5.455 ], [ 6.735, 5.445 ], [ 6.745, 5.445 ] ] ] } },
{ "type": "Feature", "properties": { "lat": 5.45, "lon": 6.75, "crs": 0.5201, "crs_lower": 0.5348, "crs_upper": 0.6728, "risk_tier": "high", "population": 0, "colour": "#FF6D00" }, "geometry": { "type": "Polygon", "coordinates": [ [ [ 6.755, 5.445 ], [ 6.755, 5.455 ], [ 6.745, 5.455 ], [ 6.745, 5.445 ], [ 6.755, 5.445 ] ] ] } },
{ "type": "Feature", "properties": { "lat": 5.45, "lon": 6.76, "crs": 0.5395, "crs_lower": 0.5424, "crs_upper": 0.6728, "risk_tier": "high", "population": 0, "colour": "#FF6D00" }, "geometry": { "type": "Polygon", "coordinates": [ [ [ 6.765, 5.445 ], [ 6.765, 5.455 ], [ 6.755, 5.455 ], [ 6.755, 5.445 ], [ 6.765, 5.445 ] ] ] } },
{ "type": "Feature", "properties": { "lat": 5.45, "lon": 6.77, "crs": 0.5395, "crs_lower": 0.5424, "crs_upper": 0.6728, "risk_tier": "high", "population": 0, "colour": "#FF6D00" }, "geometry": { "type": "Polygon", "coordinates": [ [ [ 6.775, 5.445 ], [ 6.775, 5.455 ], [ 6.765, 5.455 ], [ 6.765, 5.445 ], [ 6.775, 5.445 ] ] ] } },
{ "type": "Feature", "properties": { "lat": 5.45, "lon": 6.78, "crs": 0.5214, "crs_lower": 0.5237, "crs_upper": 0.6744, "risk_tier": "high", "population": 1839, "colour": "#FF6D00" }, "geometry": { "type": "Polygon", "coordinates": [ [ [ 6.785, 5.445 ], [ 6.785, 5.455 ], [ 6.775, 5.455 ], [ 6.775, 5.445 ], [ 6.785, 5.445 ] ] ] } },
{ "type": "Feature", "properties": { "lat": 5.45, "lon": 6.79, "crs": 0.5285, "crs_lower": 0.5237, "crs_upper": 0.6744, "risk_tier": "high", "population": 15, "colour": "#FF6D00" }, "geometry": { "type": "Polygon", "coordinates": [ [ [ 6.795, 5.445 ], [ 6.795, 5.455 ], [ 6.785, 5.455 ], [ 6.785, 5.445 ], [ 6.795, 5.445 ] ] ] } },
{ "type": "Feature", "properties": { "lat": 5.46, "lon": 6.6, "crs": 0.5395, "crs_lower": 0.5434, "crs_upper": 0.6728, "risk_tier": "high", "population": 38, "colour": "#FF6D00" }, "geometry": { "type": "Polygon", "coordinates": [ [ [ 6.605, 5.455 ], [ 6.605, 5.465 ], [ 6.595, 5.465 ], [ 6.595, 5.455 ], [ 6.605, 5.455 ] ] ] } },
{ "type": "Feature", "properties": { "lat": 5.46, "lon": 6.61, "crs": 0.569, "crs_lower": 0.5708, "crs_upper": 0.7097, "risk_tier": "high", "population": 35, "colour": "#FF6D00" }, "geometry": { "type": "Polygon", "coordinates": [ [ [ 6.615, 5.455 ], [ 6.615, 5.465 ], [ 6.605, 5.465 ], [ 6.605, 5.455 ], [ 6.615, 5.455 ] ] ] } },
{ "type": "Feature", "properties": { "lat": 5.46, "lon": 6.62, "crs": 0.569, "crs_lower": 0.5849, "crs_upper": 0.7097, "risk_tier": "high", "population": 79, "colour": "#FF6D00" }, "geometry": { "type": "Polygon", "coordinates": [ [ [ 6.625, 5.455 ], [ 6.625, 5.465 ], [ 6.615, 5.465 ], [ 6.615, 5.455 ], [ 6.625, 5.455 ] ] ] } },
{ "type": "Feature", "properties": { "lat": 5.46, "lon": 6.63, "crs": 0.5575, "crs_lower": 0.6066, "crs_upper": 0.7097, "risk_tier": "high", "population": 0, "colour": "#FF6D00" }, "geometry": { "type": "Polygon", "coordinates": [ [ [ 6.635, 5.455 ], [ 6.635, 5.465 ], [ 6.625, 5.465 ], [ 6.625, 5.455 ], [ 6.635, 5.455 ] ] ] } },
{ "type": "Feature", "properties": { "lat": 5.46, "lon": 6.64, "crs": 0.569, "crs_lower": 0.5775, "crs_upper": 0.7097, "risk_tier": "high", "population": 0, "colour": "#FF6D00" }, "geometry": { "type": "Polygon", "coordinates": [ [ [ 6.645, 5.455 ], [ 6.645, 5.465 ], [ 6.635, 5.465 ], [ 6.635, 5.455 ], [ 6.645, 5.455 ] ] ] } },
{ "type": "Feature", "properties": { "lat": 5.46, "lon": 6.65, "crs": 0.569, "crs_lower": 0.5849, "crs_upper": 0.7097, "risk_tier": "high", "population": 0, "colour": "#FF6D00" }, "geometry": { "type": "Polygon", "coordinates": [ [ [ 6.655, 5.455 ], [ 6.655, 5.465 ], [ 6.645, 5.465 ], [ 6.645, 5.455 ], [ 6.655, 5.455 ] ] ] } },
{ "type": "Feature", "properties": { "lat": 5.46, "lon": 6.66, "crs": 0.569, "crs_lower": 0.579, "crs_upper": 0.7097, "risk_tier": "high", "population": 26, "colour": "#FF6D00" }, "geometry": { "type": "Polygon", "coordinates": [ [ [ 6.665, 5.455 ], [ 6.665, 5.465 ], [ 6.655, 5.465 ], [ 6.655, 5.455 ], [ 6.665, 5.455 ] ] ] } },
{ "type": "Feature", "properties": { "lat": 5.46, "lon": 6.67, "crs": 0.569, "crs_lower": 0.6141, "crs_upper": 0.7097, "risk_tier": "high", "population": 555, "colour": "#FF6D00" }, "geometry": { "type": "Polygon", "coordinates": [ [ [ 6.675, 5.455 ], [ 6.675, 5.465 ], [ 6.665, 5.465 ], [ 6.665, 5.455 ], [ 6.675, 5.455 ] ] ] } },
{ "type": "Feature", "properties": { "lat": 5.46, "lon": 6.68, "crs": 0.569, "crs_lower": 0.5849, "crs_upper": 0.7097, "risk_tier": "high", "population": 0, "colour": "#FF6D00" }, "geometry": { "type": "Polygon", "coordinates": [ [ [ 6.685, 5.455 ], [ 6.685, 5.465 ], [ 6.675, 5.465 ], [ 6.675, 5.455 ], [ 6.685, 5.455 ] ] ] } },
{ "type": "Feature", "properties": { "lat": 5.46, "lon": 6.69, "crs": 0.569, "crs_lower": 0.5849, "crs_upper": 0.7097, "risk_tier": "high", "population": 178, "colour": "#FF6D00" }, "geometry": { "type": "Polygon", "coordinates": [ [ [ 6.695, 5.455 ], [ 6.695, 5.465 ], [ 6.685, 5.465 ], [ 6.685, 5.455 ], [ 6.695, 5.455 ] ] ] } },
{ "type": "Feature", "properties": { "lat": 5.46, "lon": 6.7, "crs": 0.569, "crs_lower": 0.5708, "crs_upper": 0.7097, "risk_tier": "high", "population": 3503, "colour": "#FF6D00" }, "geometry": { "type": "Polygon", "coordinates": [ [ [ 6.705, 5.455 ], [ 6.705, 5.465 ], [ 6.695, 5.465 ], [ 6.695, 5.455 ], [ 6.705, 5.455 ] ] ] } },
{ "type": "Feature", "properties": { "lat": 5.46, "lon": 6.71, "crs": 0.569, "crs_lower": 0.5849, "crs_upper": 0.7097, "risk_tier": "high", "population": 0, "colour": "#FF6D00" }, "geometry": { "type": "Polygon", "coordinates": [ [ [ 6.715, 5.455 ], [ 6.715, 5.465 ], [ 6.705, 5.465 ], [ 6.705, 5.455 ], [ 6.715, 5.455 ] ] ] } },
{ "type": "Feature", "properties": { "lat": 5.46, "lon": 6.72, "crs": 0.569, "crs_lower": 0.5849, "crs_upper": 0.7097, "risk_tier": "high", "population": 373, "colour": "#FF6D00" }, "geometry": { "type": "Polygon", "coordinates": [ [ [ 6.725, 5.455 ], [ 6.725, 5.465 ], [ 6.715, 5.465 ], [ 6.715, 5.455 ], [ 6.725, 5.455 ] ] ] } },
{ "type": "Feature", "properties": { "lat": 5.46, "lon": 6.73, "crs": 0.569, "crs_lower": 0.5849, "crs_upper": 0.7097, "risk_tier": "high", "population": 943, "colour": "#FF6D00" }, "geometry": { "type": "Polygon", "coordinates": [ [ [ 6.735, 5.455 ], [ 6.735, 5.465 ], [ 6.725, 5.465 ], [ 6.725, 5.455 ], [ 6.735, 5.455 ] ] ] } },
{ "type": "Feature", "properties": { "lat": 5.46, "lon": 6.74, "crs": 0.569, "crs_lower": 0.5849, "crs_upper": 0.7097, "risk_tier": "high", "population": 1012, "colour": "#FF6D00" }, "geometry": { "type": "Polygon", "coordinates": [ [ [ 6.745, 5.455 ], [ 6.745, 5.465 ], [ 6.735, 5.465 ], [ 6.735, 5.455 ], [ 6.745, 5.455 ] ] ] } },
{ "type": "Feature", "properties": { "lat": 5.46, "lon": 6.75, "crs": 0.5395, "crs_lower": 0.5424, "crs_upper": 0.6728, "risk_tier": "high", "population": 0, "colour": "#FF6D00" }, "geometry": { "type": "Polygon", "coordinates": [ [ [ 6.755, 5.455 ], [ 6.755, 5.465 ], [ 6.745, 5.465 ], [ 6.745, 5.455 ], [ 6.755, 5.455 ] ] ] } },
{ "type": "Feature", "properties": { "lat": 5.46, "lon": 6.76, "crs": 0.5395, "crs_lower": 0.5424, "crs_upper": 0.6728, "risk_tier": "high", "population": 0, "colour": "#FF6D00" }, "geometry": { "type": "Polygon", "coordinates": [ [ [ 6.765, 5.455 ], [ 6.765, 5.465 ], [ 6.755, 5.465 ], [ 6.755, 5.455 ], [ 6.765, 5.455 ] ] ] } },
{ "type": "Feature", "properties": { "lat": 5.46, "lon": 6.77, "crs": 0.5272, "crs_lower": 0.5424, "crs_upper": 0.6728, "risk_tier": "high", "population": 0, "colour": "#FF6D00" }, "geometry": { "type": "Polygon", "coordinates": [ [ [ 6.775, 5.455 ], [ 6.775, 5.465 ], [ 6.765, 5.465 ], [ 6.765, 5.455 ], [ 6.775, 5.455 ] ] ] } },
{ "type": "Feature", "properties": { "lat": 5.46, "lon": 6.78, "crs": 0.5214, "crs_lower": 0.5381, "crs_upper": 0.6744, "risk_tier": "high", "population": 1726, "colour": "#FF6D00" }, "geometry": { "type": "Polygon", "coordinates": [ [ [ 6.785, 5.455 ], [ 6.785, 5.465 ], [ 6.775, 5.465 ], [ 6.775, 5.455 ], [ 6.785, 5.455 ] ] ] } },
{ "type": "Feature", "properties": { "lat": 5.46, "lon": 6.79, "crs": 0.5407, "crs_lower": 0.5237, "crs_upper": 0.6744, "risk_tier": "high", "population": 2030, "colour": "#FF6D00" }, "geometry": { "type": "Polygon", "coordinates": [ [ [ 6.795, 5.455 ], [ 6.795, 5.465 ], [ 6.785, 5.465 ], [ 6.785, 5.455 ], [ 6.795, 5.455 ] ] ] } },
{ "type": "Feature", "properties": { "lat": 5.47, "lon": 6.6, "crs": 0.5201, "crs_lower": 0.5647, "crs_upper": 0.6728, "risk_tier": "high", "population": 81, "colour": "#FF6D00" }, "geometry": { "type": "Polygon", "coordinates": [ [ [ 6.605, 5.465 ], [ 6.605, 5.475 ], [ 6.595, 5.475 ], [ 6.595, 5.465 ], [ 6.605, 5.465 ] ] ] } },
{ "type": "Feature", "properties": { "lat": 5.47, "lon": 6.61, "crs": 0.5272, "crs_lower": 0.5424, "crs_upper": 0.6728, "risk_tier": "high", "population": 31, "colour": "#FF6D00" }, "geometry": { "type": "Polygon", "coordinates": [ [ [ 6.615, 5.465 ], [ 6.615, 5.475 ], [ 6.605, 5.475 ], [ 6.605, 5.465 ], [ 6.615, 5.465 ] ] ] } },
{ "type": "Feature", "properties": { "lat": 5.47, "lon": 6.62, "crs": 0.5507, "crs_lower": 0.5775, "crs_upper": 0.7097, "risk_tier": "high", "population": 60, "colour": "#FF6D00" }, "geometry": { "type": "Polygon", "coordinates": [ [ [ 6.625, 5.465 ], [ 6.625, 5.475 ], [ 6.615, 5.475 ], [ 6.615, 5.465 ], [ 6.625, 5.465 ] ] ] } },
{ "type": "Feature", "properties": { "lat": 5.47, "lon": 6.63, "crs": 0.5507, "crs_lower": 0.5708, "crs_upper": 0.7097, "risk_tier": "high", "population": 29, "colour": "#FF6D00" }, "geometry": { "type": "Polygon", "coordinates": [ [ [ 6.635, 5.465 ], [ 6.635, 5.475 ], [ 6.625, 5.475 ], [ 6.625, 5.465 ], [ 6.635, 5.465 ] ] ] } },
{ "type": "Feature", "properties": { "lat": 5.47, "lon": 6.64, "crs": 0.569, "crs_lower": 0.5849, "crs_upper": 0.7097, "risk_tier": "high", "population": 40, "colour": "#FF6D00" }, "geometry": { "type": "Polygon", "coordinates": [ [ [ 6.645, 5.465 ], [ 6.645, 5.475 ], [ 6.635, 5.475 ], [ 6.635, 5.465 ], [ 6.645, 5.465 ] ] ] } },
{ "type": "Feature", "properties": { "lat": 5.47, "lon": 6.65, "crs": 0.5575, "crs_lower": 0.5849, "crs_upper": 0.7097, "risk_tier": "high", "population": 35, "colour": "#FF6D00" }, "geometry": { "type": "Polygon", "coordinates": [ [ [ 6.655, 5.465 ], [ 6.655, 5.475 ], [ 6.645, 5.475 ], [ 6.645, 5.465 ], [ 6.655, 5.465 ] ] ] } },
{ "type": "Feature", "properties": { "lat": 5.47, "lon": 6.66, "crs": 0.5507, "crs_lower": 0.5849, "crs_upper": 0.7097, "risk_tier": "high", "population": 0, "colour": "#FF6D00" }, "geometry": { "type": "Polygon", "coordinates": [ [ [ 6.665, 5.465 ], [ 6.665, 5.475 ], [ 6.655, 5.475 ], [ 6.655, 5.465 ], [ 6.665, 5.465 ] ] ] } },
{ "type": "Feature", "properties": { "lat": 5.47, "lon": 6.67, "crs": 0.569, "crs_lower": 0.5849, "crs_upper": 0.7097, "risk_tier": "high", "population": 0, "colour": "#FF6D00" }, "geometry": { "type": "Polygon", "coordinates": [ [ [ 6.675, 5.465 ], [ 6.675, 5.475 ], [ 6.665, 5.475 ], [ 6.665, 5.465 ], [ 6.675, 5.465 ] ] ] } },
{ "type": "Feature", "properties": { "lat": 5.47, "lon": 6.68, "crs": 0.5507, "crs_lower": 0.5849, "crs_upper": 0.7097, "risk_tier": "high", "population": 0, "colour": "#FF6D00" }, "geometry": { "type": "Polygon", "coordinates": [ [ [ 6.685, 5.465 ], [ 6.685, 5.475 ], [ 6.675, 5.475 ], [ 6.675, 5.465 ], [ 6.685, 5.465 ] ] ] } },
{ "type": "Feature", "properties": { "lat": 5.47, "lon": 6.69, "crs": 0.569, "crs_lower": 0.592, "crs_upper": 0.7097, "risk_tier": "high", "population": 39, "colour": "#FF6D00" }, "geometry": { "type": "Polygon", "coordinates": [ [ [ 6.695, 5.465 ], [ 6.695, 5.475 ], [ 6.685, 5.475 ], [ 6.685, 5.465 ], [ 6.695, 5.465 ] ] ] } },
{ "type": "Feature", "properties": { "lat": 5.47, "lon": 6.7, "crs": 0.569, "crs_lower": 0.5849, "crs_upper": 0.7097, "risk_tier": "high", "population": 1602, "colour": "#FF6D00" }, "geometry": { "type": "Polygon", "coordinates": [ [ [ 6.705, 5.465 ], [ 6.705, 5.475 ], [ 6.695, 5.475 ], [ 6.695, 5.465 ], [ 6.705, 5.465 ] ] ] } },
{ "type": "Feature", "properties": { "lat": 5.47, "lon": 6.71, "crs": 0.569, "crs_lower": 0.5926, "crs_upper": 0.7097, "risk_tier": "high", "population": 3538, "colour": "#FF6D00" }, "geometry": { "type": "Polygon", "coordinates": [ [ [ 6.715, 5.465 ], [ 6.715, 5.475 ], [ 6.705, 5.475 ], [ 6.705, 5.465 ], [ 6.715, 5.465 ] ] ] } },
{ "type": "Feature", "properties": { "lat": 5.47, "lon": 6.72, "crs": 0.569, "crs_lower": 0.5849, "crs_upper": 0.7097, "risk_tier": "high", "population": 5482, "colour": "#FF6D00" }, "geometry": { "type": "Polygon", "coordinates": [ [ [ 6.725, 5.465 ], [ 6.725, 5.475 ], [ 6.715, 5.475 ], [ 6.715, 5.465 ], [ 6.725, 5.465 ] ] ] } },
{ "type": "Feature", "properties": { "lat": 5.47, "lon": 6.73, "crs": 0.569, "crs_lower": 0.5849, "crs_upper": 0.7097, "risk_tier": "high", "population": 5782, "colour": "#FF6D00" }, "geometry": { "type": "Polygon", "coordinates": [ [ [ 6.735, 5.465 ], [ 6.735, 5.475 ], [ 6.725, 5.475 ], [ 6.725, 5.465 ], [ 6.735, 5.465 ] ] ] } },
{ "type": "Feature", "properties": { "lat": 5.47, "lon": 6.74, "crs": 0.569, "crs_lower": 0.5708, "crs_upper": 0.7097, "risk_tier": "high", "population": 5517, "colour": "#FF6D00" }, "geometry": { "type": "Polygon", "coordinates": [ [ [ 6.745, 5.465 ], [ 6.745, 5.475 ], [ 6.735, 5.475 ], [ 6.735, 5.465 ], [ 6.745, 5.465 ] ] ] } },
{ "type": "Feature", "properties": { "lat": 5.47, "lon": 6.75, "crs": 0.5395, "crs_lower": 0.528, "crs_upper": 0.6728, "risk_tier": "high", "population": 654, "colour": "#FF6D00" }, "geometry": { "type": "Polygon", "coordinates": [ [ [ 6.755, 5.465 ], [ 6.755, 5.475 ], [ 6.745, 5.475 ], [ 6.745, 5.465 ], [ 6.755, 5.465 ] ] ] } },
{ "type": "Feature", "properties": { "lat": 5.47, "lon": 6.76, "crs": 0.5395, "crs_lower": 0.5424, "crs_upper": 0.6728, "risk_tier": "high", "population": 0, "colour": "#FF6D00" }, "geometry": { "type": "Polygon", "coordinates": [ [ [ 6.765, 5.465 ], [ 6.765, 5.475 ], [ 6.755, 5.475 ], [ 6.755, 5.465 ], [ 6.765, 5.465 ] ] ] } },
{ "type": "Feature", "properties": { "lat": 5.47, "lon": 6.77, "crs": 0.5201, "crs_lower": 0.5424, "crs_upper": 0.6728, "risk_tier": "high", "population": 0, "colour": "#FF6D00" }, "geometry": { "type": "Polygon", "coordinates": [ [ [ 6.775, 5.465 ], [ 6.775, 5.475 ], [ 6.765, 5.475 ], [ 6.765, 5.465 ], [ 6.775, 5.465 ] ] ] } },
{ "type": "Feature", "properties": { "lat": 5.47, "lon": 6.78, "crs": 0.5214, "crs_lower": 0.5305, "crs_upper": 0.6744, "risk_tier": "high", "population": 100, "colour": "#FF6D00" }, "geometry": { "type": "Polygon", "coordinates": [ [ [ 6.785, 5.465 ], [ 6.785, 5.475 ], [ 6.775, 5.475 ], [ 6.775, 5.465 ], [ 6.785, 5.465 ] ] ] } },
{ "type": "Feature", "properties": { "lat": 5.47, "lon": 6.79, "crs": 0.5214, "crs_lower": 0.5237, "crs_upper": 0.6744, "risk_tier": "high", "population": 286, "colour": "#FF6D00" }, "geometry": { "type": "Polygon", "coordinates": [ [ [ 6.795, 5.465 ], [ 6.795, 5.475 ], [ 6.785, 5.475 ], [ 6.785, 5.465 ], [ 6.795, 5.465 ] ] ] } },
{ "type": "Feature", "properties": { "lat": 5.48, "lon": 6.6, "crs": 0.5214, "crs_lower": 0.5381, "crs_upper": 0.6744, "risk_tier": "high", "population": 46, "colour": "#FF6D00" }, "geometry": { "type": "Polygon", "coordinates": [ [ [ 6.605, 5.475 ], [ 6.605, 5.485 ], [ 6.595, 5.485 ], [ 6.595, 5.475 ], [ 6.605, 5.475 ] ] ] } },
{ "type": "Feature", "properties": { "lat": 5.48, "lon": 6.61, "crs": 0.5201, "crs_lower": 0.5424, "crs_upper": 0.6728, "risk_tier": "high", "population": 47, "colour": "#FF6D00" }, "geometry": { "type": "Polygon", "coordinates": [ [ [ 6.615, 5.475 ], [ 6.615, 5.485 ], [ 6.605, 5.485 ], [ 6.605, 5.475 ], [ 6.615, 5.475 ] ] ] } },
{ "type": "Feature", "properties": { "lat": 5.48, "lon": 6.62, "crs": 0.5201, "crs_lower": 0.5424, "crs_upper": 0.6728, "risk_tier": "high", "population": 43, "colour": "#FF6D00" }, "geometry": { "type": "Polygon", "coordinates": [ [ [ 6.625, 5.475 ], [ 6.625, 5.485 ], [ 6.615, 5.485 ], [ 6.615, 5.475 ], [ 6.625, 5.475 ] ] ] } },
{ "type": "Feature", "properties": { "lat": 5.48, "lon": 6.63, "crs": 0.5272, "crs_lower": 0.5424, "crs_upper": 0.6728, "risk_tier": "high", "population": 258, "colour": "#FF6D00" }, "geometry": { "type": "Polygon", "coordinates": [ [ [ 6.635, 5.475 ], [ 6.635, 5.485 ], [ 6.625, 5.485 ], [ 6.625, 5.475 ], [ 6.635, 5.475 ] ] ] } },
{ "type": "Feature", "properties": { "lat": 5.48, "lon": 6.64, "crs": 0.569, "crs_lower": 0.5775, "crs_upper": 0.7097, "risk_tier": "high", "population": 0, "colour": "#FF6D00" }, "geometry": { "type": "Polygon", "coordinates": [ [ [ 6.645, 5.475 ], [ 6.645, 5.485 ], [ 6.635, 5.485 ], [ 6.635, 5.475 ], [ 6.645, 5.475 ] ] ] } },
{ "type": "Feature", "properties": { "lat": 5.48, "lon": 6.65, "crs": 0.569, "crs_lower": 0.5747, "crs_upper": 0.7097, "risk_tier": "high", "population": 0, "colour": "#FF6D00" }, "geometry": { "type": "Polygon", "coordinates": [ [ [ 6.655, 5.475 ], [ 6.655, 5.485 ], [ 6.645, 5.485 ], [ 6.645, 5.475 ], [ 6.655, 5.475 ] ] ] } },
{ "type": "Feature", "properties": { "lat": 5.48, "lon": 6.66, "crs": 0.5575, "crs_lower": 0.5818, "crs_upper": 0.7097, "risk_tier": "high", "population": 0, "colour": "#FF6D00" }, "geometry": { "type": "Polygon", "coordinates": [ [ [ 6.665, 5.475 ], [ 6.665, 5.485 ], [ 6.655, 5.485 ], [ 6.655, 5.475 ], [ 6.665, 5.475 ] ] ] } },
{ "type": "Feature", "properties": { "lat": 5.48, "lon": 6.67, "crs": 0.569, "crs_lower": 0.5849, "crs_upper": 0.7097, "risk_tier": "high", "population": 0, "colour": "#FF6D00" }, "geometry": { "type": "Polygon", "coordinates": [ [ [ 6.675, 5.475 ], [ 6.675, 5.485 ], [ 6.665, 5.485 ], [ 6.665, 5.475 ], [ 6.675, 5.475 ] ] ] } },
{ "type": "Feature", "properties": { "lat": 5.48, "lon": 6.68, "crs": 0.5507, "crs_lower": 0.5849, "crs_upper": 0.7097, "risk_tier": "high", "population": 0, "colour": "#FF6D00" }, "geometry": { "type": "Polygon", "coordinates": [ [ [ 6.685, 5.475 ], [ 6.685, 5.485 ], [ 6.675, 5.485 ], [ 6.675, 5.475 ], [ 6.685, 5.475 ] ] ] } },
{ "type": "Feature", "properties": { "lat": 5.48, "lon": 6.69, "crs": 0.5575, "crs_lower": 0.5849, "crs_upper": 0.7097, "risk_tier": "high", "population": 0, "colour": "#FF6D00" }, "geometry": { "type": "Polygon", "coordinates": [ [ [ 6.695, 5.475 ], [ 6.695, 5.485 ], [ 6.685, 5.485 ], [ 6.685, 5.475 ], [ 6.695, 5.475 ] ] ] } },
{ "type": "Feature", "properties": { "lat": 5.48, "lon": 6.7, "crs": 0.569, "crs_lower": 0.5849, "crs_upper": 0.7097, "risk_tier": "high", "population": 533, "colour": "#FF6D00" }, "geometry": { "type": "Polygon", "coordinates": [ [ [ 6.705, 5.475 ], [ 6.705, 5.485 ], [ 6.695, 5.485 ], [ 6.695, 5.475 ], [ 6.705, 5.475 ] ] ] } },
{ "type": "Feature", "properties": { "lat": 5.48, "lon": 6.71, "crs": 0.569, "crs_lower": 0.5854, "crs_upper": 0.7097, "risk_tier": "high", "population": 4793, "colour": "#FF6D00" }, "geometry": { "type": "Polygon", "coordinates": [ [ [ 6.715, 5.475 ], [ 6.715, 5.485 ], [ 6.705, 5.485 ], [ 6.705, 5.475 ], [ 6.715, 5.475 ] ] ] } },
{ "type": "Feature", "properties": { "lat": 5.48, "lon": 6.72, "crs": 0.569, "crs_lower": 0.5708, "crs_upper": 0.7097, "risk_tier": "high", "population": 7970, "colour": "#FF6D00" }, "geometry": { "type": "Polygon", "coordinates": [ [ [ 6.725, 5.475 ], [ 6.725, 5.485 ], [ 6.715, 5.485 ], [ 6.715, 5.475 ], [ 6.725, 5.475 ] ] ] } },
{ "type": "Feature", "properties": { "lat": 5.48, "lon": 6.73, "crs": 0.569, "crs_lower": 0.5849, "crs_upper": 0.7097, "risk_tier": "high", "population": 1412, "colour": "#FF6D00" }, "geometry": { "type": "Polygon", "coordinates": [ [ [ 6.735, 5.475 ], [ 6.735, 5.485 ], [ 6.725, 5.485 ], [ 6.725, 5.475 ], [ 6.735, 5.475 ] ] ] } },
{ "type": "Feature", "properties": { "lat": 5.48, "lon": 6.74, "crs": 0.5575, "crs_lower": 0.5747, "crs_upper": 0.7097, "risk_tier": "high", "population": 5056, "colour": "#FF6D00" }, "geometry": { "type": "Polygon", "coordinates": [ [ [ 6.745, 5.475 ], [ 6.745, 5.485 ], [ 6.735, 5.485 ], [ 6.735, 5.475 ], [ 6.745, 5.475 ] ] ] } },
{ "type": "Feature", "properties": { "lat": 5.48, "lon": 6.75, "crs": 0.569, "crs_lower": 0.5849, "crs_upper": 0.7097, "risk_tier": "high", "population": 985, "colour": "#FF6D00" }, "geometry": { "type": "Polygon", "coordinates": [ [ [ 6.755, 5.475 ], [ 6.755, 5.485 ], [ 6.745, 5.485 ], [ 6.745, 5.475 ], [ 6.755, 5.475 ] ] ] } },
{ "type": "Feature", "properties": { "lat": 5.48, "lon": 6.76, "crs": 0.569, "crs_lower": 0.5854, "crs_upper": 0.7097, "risk_tier": "high", "population": 0, "colour": "#FF6D00" }, "geometry": { "type": "Polygon", "coordinates": [ [ [ 6.765, 5.475 ], [ 6.765, 5.485 ], [ 6.755, 5.485 ], [ 6.755, 5.475 ], [ 6.765, 5.475 ] ] ] } },
{ "type": "Feature", "properties": { "lat": 5.48, "lon": 6.77, "crs": 0.5689, "crs_lower": 0.5849, "crs_upper": 0.7097, "risk_tier": "high", "population": 0, "colour": "#FF6D00" }, "geometry": { "type": "Polygon", "coordinates": [ [ [ 6.775, 5.475 ], [ 6.775, 5.485 ], [ 6.765, 5.485 ], [ 6.765, 5.475 ], [ 6.775, 5.475 ] ] ] } },
{ "type": "Feature", "properties": { "lat": 5.48, "lon": 6.78, "crs": 0.5507, "crs_lower": 0.5775, "crs_upper": 0.7097, "risk_tier": "high", "population": 0, "colour": "#FF6D00" }, "geometry": { "type": "Polygon", "coordinates": [ [ [ 6.785, 5.475 ], [ 6.785, 5.485 ], [ 6.775, 5.485 ], [ 6.775, 5.475 ], [ 6.785, 5.475 ] ] ] } },
{ "type": "Feature", "properties": { "lat": 5.48, "lon": 6.79, "crs": 0.52, "crs_lower": 0.528, "crs_upper": 0.6728, "risk_tier": "high", "population": 380, "colour": "#FF6D00" }, "geometry": { "type": "Polygon", "coordinates": [ [ [ 6.795, 5.475 ], [ 6.795, 5.485 ], [ 6.785, 5.485 ], [ 6.785, 5.475 ], [ 6.795, 5.475 ] ] ] } },
{ "type": "Feature", "properties": { "lat": 5.49, "lon": 6.61, "crs": 0.5395, "crs_lower": 0.5724, "crs_upper": 0.6728, "risk_tier": "high", "population": 44, "colour": "#FF6D00" }, "geometry": { "type": "Polygon", "coordinates": [ [ [ 6.615, 5.485 ], [ 6.615, 5.495 ], [ 6.605, 5.495 ], [ 6.605, 5.485 ], [ 6.615, 5.485 ] ] ] } },
{ "type": "Feature", "properties": { "lat": 5.49, "lon": 6.62, "crs": 0.52, "crs_lower": 0.532, "crs_upper": 0.6728, "risk_tier": "high", "population": 0, "colour": "#FF6D00" }, "geometry": { "type": "Polygon", "coordinates": [ [ [ 6.625, 5.485 ], [ 6.625, 5.495 ], [ 6.615, 5.495 ], [ 6.615, 5.485 ], [ 6.625, 5.485 ] ] ] } },
{ "type": "Feature", "properties": { "lat": 5.49, "lon": 6.63, "crs": 0.5272, "crs_lower": 0.5348, "crs_upper": 0.6728, "risk_tier": "high", "population": 86, "colour": "#FF6D00" }, "geometry": { "type": "Polygon", "coordinates": [ [ [ 6.635, 5.485 ], [ 6.635, 5.495 ], [ 6.625, 5.495 ], [ 6.625, 5.485 ], [ 6.635, 5.485 ] ] ] } },
{ "type": "Feature", "properties": { "lat": 5.49, "lon": 6.64, "crs": 0.5395, "crs_lower": 0.5424, "crs_upper": 0.6728, "risk_tier": "high", "population": 0, "colour": "#FF6D00" }, "geometry": { "type": "Polygon", "coordinates": [ [ [ 6.645, 5.485 ], [ 6.645, 5.495 ], [ 6.635, 5.495 ], [ 6.635, 5.485 ], [ 6.645, 5.485 ] ] ] } },
{ "type": "Feature", "properties": { "lat": 5.49, "lon": 6.65, "crs": 0.5272, "crs_lower": 0.5424, "crs_upper": 0.6728, "risk_tier": "high", "population": 0, "colour": "#FF6D00" }, "geometry": { "type": "Polygon", "coordinates": [ [ [ 6.655, 5.485 ], [ 6.655, 5.495 ], [ 6.645, 5.495 ], [ 6.645, 5.485 ], [ 6.655, 5.485 ] ] ] } },
{ "type": "Feature", "properties": { "lat": 5.49, "lon": 6.66, "crs": 0.5507, "crs_lower": 0.5849, "crs_upper": 0.7097, "risk_tier": "high", "population": 0, "colour": "#FF6D00" }, "geometry": { "type": "Polygon", "coordinates": [ [ [ 6.665, 5.485 ], [ 6.665, 5.495 ], [ 6.655, 5.495 ], [ 6.655, 5.485 ], [ 6.665, 5.485 ] ] ] } },
{ "type": "Feature", "properties": { "lat": 5.49, "lon": 6.67, "crs": 0.5575, "crs_lower": 0.5854, "crs_upper": 0.7097, "risk_tier": "high", "population": 0, "colour": "#FF6D00" }, "geometry": { "type": "Polygon", "coordinates": [ [ [ 6.675, 5.485 ], [ 6.675, 5.495 ], [ 6.665, 5.495 ], [ 6.665, 5.485 ], [ 6.675, 5.485 ] ] ] } },
{ "type": "Feature", "properties": { "lat": 5.49, "lon": 6.68, "crs": 0.5507, "crs_lower": 0.5849, "crs_upper": 0.7097, "risk_tier": "high", "population": 0, "colour": "#FF6D00" }, "geometry": { "type": "Polygon", "coordinates": [ [ [ 6.685, 5.485 ], [ 6.685, 5.495 ], [ 6.675, 5.495 ], [ 6.675, 5.485 ], [ 6.685, 5.485 ] ] ] } },
{ "type": "Feature", "properties": { "lat": 5.49, "lon": 6.69, "crs": 0.5507, "crs_lower": 0.5708, "crs_upper": 0.7097, "risk_tier": "high", "population": 0, "colour": "#FF6D00" }, "geometry": { "type": "Polygon", "coordinates": [ [ [ 6.695, 5.485 ], [ 6.695, 5.495 ], [ 6.685, 5.495 ], [ 6.685, 5.485 ], [ 6.695, 5.485 ] ] ] } },
{ "type": "Feature", "properties": { "lat": 5.49, "lon": 6.7, "crs": 0.5689, "crs_lower": 0.5849, "crs_upper": 0.7097, "risk_tier": "high", "population": 51, "colour": "#FF6D00" }, "geometry": { "type": "Polygon", "coordinates": [ [ [ 6.705, 5.485 ], [ 6.705, 5.495 ], [ 6.695, 5.495 ], [ 6.695, 5.485 ], [ 6.705, 5.485 ] ] ] } },
{ "type": "Feature", "properties": { "lat": 5.49, "lon": 6.71, "crs": 0.5689, "crs_lower": 0.5747, "crs_upper": 0.7097, "risk_tier": "high", "population": 2304, "colour": "#FF6D00" }, "geometry": { "type": "Polygon", "coordinates": [ [ [ 6.715, 5.485 ], [ 6.715, 5.495 ], [ 6.705, 5.495 ], [ 6.705, 5.485 ], [ 6.715, 5.485 ] ] ] } },
{ "type": "Feature", "properties": { "lat": 5.49, "lon": 6.72, "crs": 0.5689, "crs_lower": 0.5849, "crs_upper": 0.7097, "risk_tier": "high", "population": 4552, "colour": "#FF6D00" }, "geometry": { "type": "Polygon", "coordinates": [ [ [ 6.725, 5.485 ], [ 6.725, 5.495 ], [ 6.715, 5.495 ], [ 6.715, 5.485 ], [ 6.725, 5.485 ] ] ] } },
{ "type": "Feature", "properties": { "lat": 5.49, "lon": 6.73, "crs": 0.5689, "crs_lower": 0.5854, "crs_upper": 0.7097, "risk_tier": "high", "population": 1414, "colour": "#FF6D00" }, "geometry": { "type": "Polygon", "coordinates": [ [ [ 6.735, 5.485 ], [ 6.735, 5.495 ], [ 6.725, 5.495 ], [ 6.725, 5.485 ], [ 6.735, 5.485 ] ] ] } },
{ "type": "Feature", "properties": { "lat": 5.49, "lon": 6.74, "crs": 0.5507, "crs_lower": 0.5849, "crs_upper": 0.7097, "risk_tier": "high", "population": 1237, "colour": "#FF6D00" }, "geometry": { "type": "Polygon", "coordinates": [ [ [ 6.745, 5.485 ], [ 6.745, 5.495 ], [ 6.735, 5.495 ], [ 6.735, 5.485 ], [ 6.745, 5.485 ] ] ] } },
{ "type": "Feature", "properties": { "lat": 5.49, "lon": 6.75, "crs": 0.5689, "crs_lower": 0.5888, "crs_upper": 0.7097, "risk_tier": "high", "population": 29, "colour": "#FF6D00" }, "geometry": { "type": "Polygon", "coordinates": [ [ [ 6.755, 5.485 ], [ 6.755, 5.495 ], [ 6.745, 5.495 ], [ 6.745, 5.485 ], [ 6.755, 5.485 ] ] ] } },
{ "type": "Feature", "properties": { "lat": 5.49, "lon": 6.76, "crs": 0.5689, "crs_lower": 0.5775, "crs_upper": 0.7097, "risk_tier": "high", "population": 0, "colour": "#FF6D00" }, "geometry": { "type": "Polygon", "coordinates": [ [ [ 6.765, 5.485 ], [ 6.765, 5.495 ], [ 6.755, 5.495 ], [ 6.755, 5.485 ], [ 6.765, 5.485 ] ] ] } },
{ "type": "Feature", "properties": { "lat": 5.49, "lon": 6.77, "crs": 0.5689, "crs_lower": 0.5849, "crs_upper": 0.7097, "risk_tier": "high", "population": 0, "colour": "#FF6D00" }, "geometry": { "type": "Polygon", "coordinates": [ [ [ 6.775, 5.485 ], [ 6.775, 5.495 ], [ 6.765, 5.495 ], [ 6.765, 5.485 ], [ 6.775, 5.485 ] ] ] } },
{ "type": "Feature", "properties": { "lat": 5.49, "lon": 6.78, "crs": 0.5394, "crs_lower": 0.5348, "crs_upper": 0.6728, "risk_tier": "high", "population": 0, "colour": "#FF6D00" }, "geometry": { "type": "Polygon", "coordinates": [ [ [ 6.785, 5.485 ], [ 6.785, 5.495 ], [ 6.775, 5.495 ], [ 6.775, 5.485 ], [ 6.785, 5.485 ] ] ] } },
{ "type": "Feature", "properties": { "lat": 5.49, "lon": 6.79, "crs": 0.52, "crs_lower": 0.5424, "crs_upper": 0.6728, "risk_tier": "high", "population": 0, "colour": "#FF6D00" }, "geometry": { "type": "Polygon", "coordinates": [ [ [ 6.795, 5.485 ], [ 6.795, 5.495 ], [ 6.785, 5.495 ], [ 6.785, 5.485 ], [ 6.795, 5.485 ] ] ] } },
{ "type": "Feature", "properties": { "lat": 5.5, "lon": 6.61, "crs": 0.5213, "crs_lower": 0.5381, "crs_upper": 0.6744, "risk_tier": "high", "population": 144, "colour": "#FF6D00" }, "geometry": { "type": "Polygon", "coordinates": [ [ [ 6.615, 5.495 ], [ 6.615, 5.505 ], [ 6.605, 5.505 ], [ 6.605, 5.495 ], [ 6.615, 5.495 ] ] ] } },
{ "type": "Feature", "properties": { "lat": 5.5, "lon": 6.62, "crs": 0.52, "crs_lower": 0.5424, "crs_upper": 0.6728, "risk_tier": "high", "population": 85, "colour": "#FF6D00" }, "geometry": { "type": "Polygon", "coordinates": [ [ [ 6.625, 5.495 ], [ 6.625, 5.505 ], [ 6.615, 5.505 ], [ 6.615, 5.495 ], [ 6.625, 5.495 ] ] ] } },
{ "type": "Feature", "properties": { "lat": 5.5, "lon": 6.63, "crs": 0.52, "crs_lower": 0.528, "crs_upper": 0.6728, "risk_tier": "high", "population": 33, "colour": "#FF6D00" }, "geometry": { "type": "Polygon", "coordinates": [ [ [ 6.635, 5.495 ], [ 6.635, 5.505 ], [ 6.625, 5.505 ], [ 6.625, 5.495 ], [ 6.635, 5.495 ] ] ] } },
{ "type": "Feature", "properties": { "lat": 5.5, "lon": 6.64, "crs": 0.52, "crs_lower": 0.5424, "crs_upper": 0.6728, "risk_tier": "high", "population": 0, "colour": "#FF6D00" }, "geometry": { "type": "Polygon", "coordinates": [ [ [ 6.645, 5.495 ], [ 6.645, 5.505 ], [ 6.635, 5.505 ], [ 6.635, 5.495 ], [ 6.645, 5.495 ] ] ] } },
{ "type": "Feature", "properties": { "lat": 5.5, "lon": 6.65, "crs": 0.52, "crs_lower": 0.5429, "crs_upper": 0.6728, "risk_tier": "high", "population": 0, "colour": "#FF6D00" }, "geometry": { "type": "Polygon", "coordinates": [ [ [ 6.655, 5.495 ], [ 6.655, 5.505 ], [ 6.645, 5.505 ], [ 6.645, 5.495 ], [ 6.655, 5.495 ] ] ] } },
{ "type": "Feature", "properties": { "lat": 5.5, "lon": 6.66, "crs": 0.52, "crs_lower": 0.5424, "crs_upper": 0.6728, "risk_tier": "high", "population": 0, "colour": "#FF6D00" }, "geometry": { "type": "Polygon", "coordinates": [ [ [ 6.665, 5.495 ], [ 6.665, 5.505 ], [ 6.655, 5.505 ], [ 6.655, 5.495 ], [ 6.665, 5.495 ] ] ] } },
{ "type": "Feature", "properties": { "lat": 5.5, "lon": 6.67, "crs": 0.5507, "crs_lower": 0.5708, "crs_upper": 0.7097, "risk_tier": "high", "population": 0, "colour": "#FF6D00" }, "geometry": { "type": "Polygon", "coordinates": [ [ [ 6.675, 5.495 ], [ 6.675, 5.505 ], [ 6.665, 5.505 ], [ 6.665, 5.495 ], [ 6.675, 5.495 ] ] ] } },
{ "type": "Feature", "properties": { "lat": 5.5, "lon": 6.68, "crs": 0.5575, "crs_lower": 0.5874, "crs_upper": 0.7097, "risk_tier": "high", "population": 0, "colour": "#FF6D00" }, "geometry": { "type": "Polygon", "coordinates": [ [ [ 6.685, 5.495 ], [ 6.685, 5.505 ], [ 6.675, 5.505 ], [ 6.675, 5.495 ], [ 6.685, 5.495 ] ] ] } },
{ "type": "Feature", "properties": { "lat": 5.5, "lon": 6.69, "crs": 0.5689, "crs_lower": 0.5849, "crs_upper": 0.7097, "risk_tier": "high", "population": 0, "colour": "#FF6D00" }, "geometry": { "type": "Polygon", "coordinates": [ [ [ 6.695, 5.495 ], [ 6.695, 5.505 ], [ 6.685, 5.505 ], [ 6.685, 5.495 ], [ 6.695, 5.495 ] ] ] } },
{ "type": "Feature", "properties": { "lat": 5.5, "lon": 6.7, "crs": 0.5689, "crs_lower": 0.5849, "crs_upper": 0.7097, "risk_tier": "high", "population": 0, "colour": "#FF6D00" }, "geometry": { "type": "Polygon", "coordinates": [ [ [ 6.705, 5.495 ], [ 6.705, 5.505 ], [ 6.695, 5.505 ], [ 6.695, 5.495 ], [ 6.705, 5.495 ] ] ] } },
{ "type": "Feature", "properties": { "lat": 5.5, "lon": 6.71, "crs": 0.5689, "crs_lower": 0.5849, "crs_upper": 0.7097, "risk_tier": "high", "population": 47, "colour": "#FF6D00" }, "geometry": { "type": "Polygon", "coordinates": [ [ [ 6.715, 5.495 ], [ 6.715, 5.505 ], [ 6.705, 5.505 ], [ 6.705, 5.495 ], [ 6.715, 5.495 ] ] ] } },
{ "type": "Feature", "properties": { "lat": 5.5, "lon": 6.72, "crs": 0.5689, "crs_lower": 0.5849, "crs_upper": 0.7097, "risk_tier": "high", "population": 654, "colour": "#FF6D00" }, "geometry": { "type": "Polygon", "coordinates": [ [ [ 6.725, 5.495 ], [ 6.725, 5.505 ], [ 6.715, 5.505 ], [ 6.715, 5.495 ], [ 6.725, 5.495 ] ] ] } },
{ "type": "Feature", "properties": { "lat": 5.5, "lon": 6.73, "crs": 0.5507, "crs_lower": 0.5708, "crs_upper": 0.7097, "risk_tier": "high", "population": 4611, "colour": "#FF6D00" }, "geometry": { "type": "Polygon", "coordinates": [ [ [ 6.735, 5.495 ], [ 6.735, 5.505 ], [ 6.725, 5.505 ], [ 6.725, 5.495 ], [ 6.735, 5.495 ] ] ] } },
{ "type": "Feature", "properties": { "lat": 5.5, "lon": 6.74, "crs": 0.5507, "crs_lower": 0.5849, "crs_upper": 0.7097, "risk_tier": "high", "population": 130, "colour": "#FF6D00" }, "geometry": { "type": "Polygon", "coordinates": [ [ [ 6.745, 5.495 ], [ 6.745, 5.505 ], [ 6.735, 5.505 ], [ 6.735, 5.495 ], [ 6.745, 5.495 ] ] ] } },
{ "type": "Feature", "properties": { "lat": 5.5, "lon": 6.75, "crs": 0.5689, "crs_lower": 0.5775, "crs_upper": 0.7097, "risk_tier": "high", "population": 1772, "colour": "#FF6D00" }, "geometry": { "type": "Polygon", "coordinates": [ [ [ 6.755, 5.495 ], [ 6.755, 5.505 ], [ 6.745, 5.505 ], [ 6.745, 5.495 ], [ 6.755, 5.495 ] ] ] } },
{ "type": "Feature", "properties": { "lat": 5.5, "lon": 6.76, "crs": 0.5689, "crs_lower": 0.5849, "crs_upper": 0.7097, "risk_tier": "high", "population": 1050, "colour": "#FF6D00" }, "geometry": { "type": "Polygon", "coordinates": [ [ [ 6.765, 5.495 ], [ 6.765, 5.505 ], [ 6.755, 5.505 ], [ 6.755, 5.495 ], [ 6.765, 5.495 ] ] ] } },
{ "type": "Feature", "properties": { "lat": 5.5, "lon": 6.77, "crs": 0.52, "crs_lower": 0.5348, "crs_upper": 0.6728, "risk_tier": "high", "population": 0, "colour": "#FF6D00" }, "geometry": { "type": "Polygon", "coordinates": [ [ [ 6.775, 5.495 ], [ 6.775, 5.505 ], [ 6.765, 5.505 ], [ 6.765, 5.495 ], [ 6.775, 5.495 ] ] ] } },
{ "type": "Feature", "properties": { "lat": 5.5, "lon": 6.78, "crs": 0.52, "crs_lower": 0.5348, "crs_upper": 0.6728, "risk_tier": "high", "population": 0, "colour": "#FF6D00" }, "geometry": { "type": "Polygon", "coordinates": [ [ [ 6.785, 5.495 ], [ 6.785, 5.505 ], [ 6.775, 5.505 ], [ 6.775, 5.495 ], [ 6.785, 5.495 ] ] ] } },
{ "type": "Feature", "properties": { "lat": 5.51, "lon": 6.62, "crs": 0.52, "crs_lower": 0.5424, "crs_upper": 0.6728, "risk_tier": "high", "population": 491, "colour": "#FF6D00" }, "geometry": { "type": "Polygon", "coordinates": [ [ [ 6.625, 5.505 ], [ 6.625, 5.515 ], [ 6.615, 5.515 ], [ 6.615, 5.505 ], [ 6.625, 5.505 ] ] ] } },
{ "type": "Feature", "properties": { "lat": 5.51, "lon": 6.63, "crs": 0.52, "crs_lower": 0.5424, "crs_upper": 0.6728, "risk_tier": "high", "population": 0, "colour": "#FF6D00" }, "geometry": { "type": "Polygon", "coordinates": [ [ [ 6.635, 5.505 ], [ 6.635, 5.515 ], [ 6.625, 5.515 ], [ 6.625, 5.505 ], [ 6.635, 5.505 ] ] ] } },
{ "type": "Feature", "properties": { "lat": 5.51, "lon": 6.64, "crs": 0.52, "crs_lower": 0.5424, "crs_upper": 0.6728, "risk_tier": "high", "population": 0, "colour": "#FF6D00" }, "geometry": { "type": "Polygon", "coordinates": [ [ [ 6.645, 5.505 ], [ 6.645, 5.515 ], [ 6.635, 5.515 ], [ 6.635, 5.505 ], [ 6.645, 5.505 ] ] ] } },
{ "type": "Feature", "properties": { "lat": 5.51, "lon": 6.65, "crs": 0.52, "crs_lower": 0.5348, "crs_upper": 0.6728, "risk_tier": "high", "population": 0, "colour": "#FF6D00" }, "geometry": { "type": "Polygon", "coordinates": [ [ [ 6.655, 5.505 ], [ 6.655, 5.515 ], [ 6.645, 5.515 ], [ 6.645, 5.505 ], [ 6.655, 5.505 ] ] ] } },
{ "type": "Feature", "properties": { "lat": 5.51, "lon": 6.66, "crs": 0.52, "crs_lower": 0.5348, "crs_upper": 0.6728, "risk_tier": "high", "population": 0, "colour": "#FF6D00" }, "geometry": { "type": "Polygon", "coordinates": [ [ [ 6.665, 5.505 ], [ 6.665, 5.515 ], [ 6.655, 5.515 ], [ 6.655, 5.505 ], [ 6.665, 5.505 ] ] ] } },
{ "type": "Feature", "properties": { "lat": 5.51, "lon": 6.67, "crs": 0.5507, "crs_lower": 0.5849, "crs_upper": 0.7097, "risk_tier": "high", "population": 0, "colour": "#FF6D00" }, "geometry": { "type": "Polygon", "coordinates": [ [ [ 6.675, 5.505 ], [ 6.675, 5.515 ], [ 6.665, 5.515 ], [ 6.665, 5.505 ], [ 6.675, 5.505 ] ] ] } },
{ "type": "Feature", "properties": { "lat": 5.51, "lon": 6.68, "crs": 0.5507, "crs_lower": 0.5708, "crs_upper": 0.7097, "risk_tier": "high", "population": 54, "colour": "#FF6D00" }, "geometry": { "type": "Polygon", "coordinates": [ [ [ 6.685, 5.505 ], [ 6.685, 5.515 ], [ 6.675, 5.515 ], [ 6.675, 5.505 ], [ 6.685, 5.505 ] ] ] } },
{ "type": "Feature", "properties": { "lat": 5.51, "lon": 6.69, "crs": 0.5575, "crs_lower": 0.5859, "crs_upper": 0.7097, "risk_tier": "high", "population": 0, "colour": "#FF6D00" }, "geometry": { "type": "Polygon", "coordinates": [ [ [ 6.695, 5.505 ], [ 6.695, 5.515 ], [ 6.685, 5.515 ], [ 6.685, 5.505 ], [ 6.695, 5.505 ] ] ] } },
{ "type": "Feature", "properties": { "lat": 5.51, "lon": 6.7, "crs": 0.5575, "crs_lower": 0.5775, "crs_upper": 0.7097, "risk_tier": "high", "population": 0, "colour": "#FF6D00" }, "geometry": { "type": "Polygon", "coordinates": [ [ [ 6.705, 5.505 ], [ 6.705, 5.515 ], [ 6.695, 5.515 ], [ 6.695, 5.505 ], [ 6.705, 5.505 ] ] ] } },
{ "type": "Feature", "properties": { "lat": 5.51, "lon": 6.71, "crs": 0.5689, "crs_lower": 0.5854, "crs_upper": 0.7097, "risk_tier": "high", "population": 0, "colour": "#FF6D00" }, "geometry": { "type": "Polygon", "coordinates": [ [ [ 6.715, 5.505 ], [ 6.715, 5.515 ], [ 6.705, 5.515 ], [ 6.705, 5.505 ], [ 6.715, 5.505 ] ] ] } },
{ "type": "Feature", "properties": { "lat": 5.51, "lon": 6.72, "crs": 0.5575, "crs_lower": 0.5775, "crs_upper": 0.7097, "risk_tier": "high", "population": 426, "colour": "#FF6D00" }, "geometry": { "type": "Polygon", "coordinates": [ [ [ 6.725, 5.505 ], [ 6.725, 5.515 ], [ 6.715, 5.515 ], [ 6.715, 5.505 ], [ 6.725, 5.505 ] ] ] } },
{ "type": "Feature", "properties": { "lat": 5.51, "lon": 6.73, "crs": 0.5507, "crs_lower": 0.5747, "crs_upper": 0.7097, "risk_tier": "high", "population": 3468, "colour": "#FF6D00" }, "geometry": { "type": "Polygon", "coordinates": [ [ [ 6.735, 5.505 ], [ 6.735, 5.515 ], [ 6.725, 5.515 ], [ 6.725, 5.505 ], [ 6.735, 5.505 ] ] ] } },
{ "type": "Feature", "properties": { "lat": 5.51, "lon": 6.74, "crs": 0.5507, "crs_lower": 0.5775, "crs_upper": 0.7097, "risk_tier": "high", "population": 1409, "colour": "#FF6D00" }, "geometry": { "type": "Polygon", "coordinates": [ [ [ 6.745, 5.505 ], [ 6.745, 5.515 ], [ 6.735, 5.515 ], [ 6.735, 5.505 ], [ 6.745, 5.505 ] ] ] } },
{ "type": "Feature", "properties": { "lat": 5.51, "lon": 6.75, "crs": 0.5507, "crs_lower": 0.5849, "crs_upper": 0.7097, "risk_tier": "high", "population": 3731, "colour": "#FF6D00" }, "geometry": { "type": "Polygon", "coordinates": [ [ [ 6.755, 5.505 ], [ 6.755, 5.515 ], [ 6.745, 5.515 ], [ 6.745, 5.505 ], [ 6.755, 5.505 ] ] ] } },
{ "type": "Feature", "properties": { "lat": 5.51, "lon": 6.76, "crs": 0.5507, "crs_lower": 0.5708, "crs_upper": 0.7097, "risk_tier": "high", "population": 2871, "colour": "#FF6D00" }, "geometry": { "type": "Polygon", "coordinates": [ [ [ 6.765, 5.505 ], [ 6.765, 5.515 ], [ 6.755, 5.515 ], [ 6.755, 5.505 ], [ 6.765, 5.505 ] ] ] } },
{ "type": "Feature", "properties": { "lat": 5.51, "lon": 6.77, "crs": 0.52, "crs_lower": 0.528, "crs_upper": 0.6728, "risk_tier": "high", "population": 0, "colour": "#FF6D00" }, "geometry": { "type": "Polygon", "coordinates": [ [ [ 6.775, 5.505 ], [ 6.775, 5.515 ], [ 6.765, 5.515 ], [ 6.765, 5.505 ], [ 6.775, 5.505 ] ] ] } },
{ "type": "Feature", "properties": { "lat": 5.51, "lon": 6.78, "crs": 0.5272, "crs_lower": 0.528, "crs_upper": 0.6728, "risk_tier": "high", "population": 0, "colour": "#FF6D00" }, "geometry": { "type": "Polygon", "coordinates": [ [ [ 6.785, 5.505 ], [ 6.785, 5.515 ], [ 6.775, 5.515 ], [ 6.775, 5.505 ], [ 6.785, 5.505 ] ] ] } },
{ "type": "Feature", "properties": { "lat": 5.52, "lon": 6.62, "crs": 0.52, "crs_lower": 0.5503, "crs_upper": 0.6728, "risk_tier": "high", "population": 18, "colour": "#FF6D00" }, "geometry": { "type": "Polygon", "coordinates": [ [ [ 6.625, 5.515 ], [ 6.625, 5.525 ], [ 6.615, 5.525 ], [ 6.615, 5.515 ], [ 6.625, 5.515 ] ] ] } },
{ "type": "Feature", "properties": { "lat": 5.52, "lon": 6.63, "crs": 0.52, "crs_lower": 0.5424, "crs_upper": 0.6728, "risk_tier": "high", "population": 0, "colour": "#FF6D00" }, "geometry": { "type": "Polygon", "coordinates": [ [ [ 6.635, 5.515 ], [ 6.635, 5.525 ], [ 6.625, 5.525 ], [ 6.625, 5.515 ], [ 6.635, 5.515 ] ] ] } },
{ "type": "Feature", "properties": { "lat": 5.52, "lon": 6.64, "crs": 0.52, "crs_lower": 0.5424, "crs_upper": 0.6728, "risk_tier": "high", "population": 0, "colour": "#FF6D00" }, "geometry": { "type": "Polygon", "coordinates": [ [ [ 6.645, 5.515 ], [ 6.645, 5.525 ], [ 6.635, 5.525 ], [ 6.635, 5.515 ], [ 6.645, 5.515 ] ] ] } },
{ "type": "Feature", "properties": { "lat": 5.52, "lon": 6.65, "crs": 0.52, "crs_lower": 0.5424, "crs_upper": 0.6728, "risk_tier": "high", "population": 0, "colour": "#FF6D00" }, "geometry": { "type": "Polygon", "coordinates": [ [ [ 6.655, 5.515 ], [ 6.655, 5.525 ], [ 6.645, 5.525 ], [ 6.645, 5.515 ], [ 6.655, 5.515 ] ] ] } },
{ "type": "Feature", "properties": { "lat": 5.52, "lon": 6.66, "crs": 0.52, "crs_lower": 0.5424, "crs_upper": 0.6728, "risk_tier": "high", "population": 0, "colour": "#FF6D00" }, "geometry": { "type": "Polygon", "coordinates": [ [ [ 6.665, 5.515 ], [ 6.665, 5.525 ], [ 6.655, 5.525 ], [ 6.655, 5.515 ], [ 6.665, 5.515 ] ] ] } },
{ "type": "Feature", "properties": { "lat": 5.52, "lon": 6.67, "crs": 0.5507, "crs_lower": 0.5849, "crs_upper": 0.7097, "risk_tier": "high", "population": 0, "colour": "#FF6D00" }, "geometry": { "type": "Polygon", "coordinates": [ [ [ 6.675, 5.515 ], [ 6.675, 5.525 ], [ 6.665, 5.525 ], [ 6.665, 5.515 ], [ 6.675, 5.515 ] ] ] } },
{ "type": "Feature", "properties": { "lat": 5.52, "lon": 6.68, "crs": 0.5507, "crs_lower": 0.5849, "crs_upper": 0.7097, "risk_tier": "high", "population": 12, "colour": "#FF6D00" }, "geometry": { "type": "Polygon", "coordinates": [ [ [ 6.685, 5.515 ], [ 6.685, 5.525 ], [ 6.675, 5.525 ], [ 6.675, 5.515 ], [ 6.685, 5.515 ] ] ] } },
{ "type": "Feature", "properties": { "lat": 5.52, "lon": 6.69, "crs": 0.5507, "crs_lower": 0.5708, "crs_upper": 0.7097, "risk_tier": "high", "population": 65, "colour": "#FF6D00" }, "geometry": { "type": "Polygon", "coordinates": [ [ [ 6.695, 5.515 ], [ 6.695, 5.525 ], [ 6.685, 5.525 ], [ 6.685, 5.515 ], [ 6.695, 5.515 ] ] ] } },
{ "type": "Feature", "properties": { "lat": 5.52, "lon": 6.7, "crs": 0.5689, "crs_lower": 0.5849, "crs_upper": 0.7097, "risk_tier": "high", "population": 0, "colour": "#FF6D00" }, "geometry": { "type": "Polygon", "coordinates": [ [ [ 6.705, 5.515 ], [ 6.705, 5.525 ], [ 6.695, 5.525 ], [ 6.695, 5.515 ], [ 6.705, 5.515 ] ] ] } },
{ "type": "Feature", "properties": { "lat": 5.52, "lon": 6.71, "crs": 0.5689, "crs_lower": 0.5849, "crs_upper": 0.7097, "risk_tier": "high", "population": 0, "colour": "#FF6D00" }, "geometry": { "type": "Polygon", "coordinates": [ [ [ 6.715, 5.515 ], [ 6.715, 5.525 ], [ 6.705, 5.525 ], [ 6.705, 5.515 ], [ 6.715, 5.515 ] ] ] } },
{ "type": "Feature", "properties": { "lat": 5.52, "lon": 6.72, "crs": 0.5689, "crs_lower": 0.5708, "crs_upper": 0.7097, "risk_tier": "high", "population": 0, "colour": "#FF6D00" }, "geometry": { "type": "Polygon", "coordinates": [ [ [ 6.725, 5.515 ], [ 6.725, 5.525 ], [ 6.715, 5.525 ], [ 6.715, 5.515 ], [ 6.725, 5.515 ] ] ] } },
{ "type": "Feature", "properties": { "lat": 5.52, "lon": 6.73, "crs": 0.5689, "crs_lower": 0.5854, "crs_upper": 0.7097, "risk_tier": "high", "population": 0, "colour": "#FF6D00" }, "geometry": { "type": "Polygon", "coordinates": [ [ [ 6.735, 5.515 ], [ 6.735, 5.525 ], [ 6.725, 5.525 ], [ 6.725, 5.515 ], [ 6.735, 5.515 ] ] ] } },
{ "type": "Feature", "properties": { "lat": 5.52, "lon": 6.74, "crs": 0.5507, "crs_lower": 0.5849, "crs_upper": 0.7097, "risk_tier": "high", "population": 479, "colour": "#FF6D00" }, "geometry": { "type": "Polygon", "coordinates": [ [ [ 6.745, 5.515 ], [ 6.745, 5.525 ], [ 6.735, 5.525 ], [ 6.735, 5.515 ], [ 6.745, 5.515 ] ] ] } },
{ "type": "Feature", "properties": { "lat": 5.52, "lon": 6.75, "crs": 0.5507, "crs_lower": 0.5849, "crs_upper": 0.7097, "risk_tier": "high", "population": 5477, "colour": "#FF6D00" }, "geometry": { "type": "Polygon", "coordinates": [ [ [ 6.755, 5.515 ], [ 6.755, 5.525 ], [ 6.745, 5.525 ], [ 6.745, 5.515 ], [ 6.755, 5.515 ] ] ] } },
{ "type": "Feature", "properties": { "lat": 5.52, "lon": 6.76, "crs": 0.5394, "crs_lower": 0.5424, "crs_upper": 0.6728, "risk_tier": "high", "population": 1439, "colour": "#FF6D00" }, "geometry": { "type": "Polygon", "coordinates": [ [ [ 6.765, 5.515 ], [ 6.765, 5.525 ], [ 6.755, 5.525 ], [ 6.755, 5.515 ], [ 6.765, 5.515 ] ] ] } },
{ "type": "Feature", "properties": { "lat": 5.52, "lon": 6.77, "crs": 0.52, "crs_lower": 0.5424, "crs_upper": 0.6728, "risk_tier": "high", "population": 0, "colour": "#FF6D00" }, "geometry": { "type": "Polygon", "coordinates": [ [ [ 6.775, 5.515 ], [ 6.775, 5.525 ], [ 6.765, 5.525 ], [ 6.765, 5.515 ], [ 6.775, 5.515 ] ] ] } },
{ "type": "Feature", "properties": { "lat": 5.53, "lon": 6.63, "crs": 0.52, "crs_lower": 0.5348, "crs_upper": 0.6728, "risk_tier": "high", "population": 0, "colour": "#FF6D00" }, "geometry": { "type": "Polygon", "coordinates": [ [ [ 6.635, 5.525 ], [ 6.635, 5.535 ], [ 6.625, 5.535 ], [ 6.625, 5.525 ], [ 6.635, 5.525 ] ] ] } },
{ "type": "Feature", "properties": { "lat": 5.53, "lon": 6.64, "crs": 0.52, "crs_lower": 0.5424, "crs_upper": 0.6728, "risk_tier": "high", "population": 0, "colour": "#FF6D00" }, "geometry": { "type": "Polygon", "coordinates": [ [ [ 6.645, 5.525 ], [ 6.645, 5.535 ], [ 6.635, 5.535 ], [ 6.635, 5.525 ], [ 6.645, 5.525 ] ] ] } },
{ "type": "Feature", "properties": { "lat": 5.53, "lon": 6.65, "crs": 0.52, "crs_lower": 0.5429, "crs_upper": 0.6728, "risk_tier": "high", "population": 48, "colour": "#FF6D00" }, "geometry": { "type": "Polygon", "coordinates": [ [ [ 6.655, 5.525 ], [ 6.655, 5.535 ], [ 6.645, 5.535 ], [ 6.645, 5.525 ], [ 6.655, 5.525 ] ] ] } },
{ "type": "Feature", "properties": { "lat": 5.53, "lon": 6.66, "crs": 0.52, "crs_lower": 0.528, "crs_upper": 0.6728, "risk_tier": "high", "population": 27, "colour": "#FF6D00" }, "geometry": { "type": "Polygon", "coordinates": [ [ [ 6.665, 5.525 ], [ 6.665, 5.535 ], [ 6.655, 5.535 ], [ 6.655, 5.525 ], [ 6.665, 5.525 ] ] ] } },
{ "type": "Feature", "properties": { "lat": 5.53, "lon": 6.67, "crs": 0.52, "crs_lower": 0.5424, "crs_upper": 0.6728, "risk_tier": "high", "population": 97, "colour": "#FF6D00" }, "geometry": { "type": "Polygon", "coordinates": [ [ [ 6.675, 5.525 ], [ 6.675, 5.535 ], [ 6.665, 5.535 ], [ 6.665, 5.525 ], [ 6.675, 5.525 ] ] ] } },
{ "type": "Feature", "properties": { "lat": 5.53, "lon": 6.68, "crs": 0.5507, "crs_lower": 0.5849, "crs_upper": 0.7097, "risk_tier": "high", "population": 75, "colour": "#FF6D00" }, "geometry": { "type": "Polygon", "coordinates": [ [ [ 6.685, 5.525 ], [ 6.685, 5.535 ], [ 6.675, 5.535 ], [ 6.675, 5.525 ], [ 6.685, 5.525 ] ] ] } },
{ "type": "Feature", "properties": { "lat": 5.53, "lon": 6.69, "crs": 0.5507, "crs_lower": 0.5849, "crs_upper": 0.7097, "risk_tier": "high", "population": 66, "colour": "#FF6D00" }, "geometry": { "type": "Polygon", "coordinates": [ [ [ 6.695, 5.525 ], [ 6.695, 5.535 ], [ 6.685, 5.535 ], [ 6.685, 5.525 ], [ 6.695, 5.525 ] ] ] } },
{ "type": "Feature", "properties": { "lat": 5.53, "lon": 6.7, "crs": 0.5575, "crs_lower": 0.5854, "crs_upper": 0.7097, "risk_tier": "high", "population": 47, "colour": "#FF6D00" }, "geometry": { "type": "Polygon", "coordinates": [ [ [ 6.705, 5.525 ], [ 6.705, 5.535 ], [ 6.695, 5.535 ], [ 6.695, 5.525 ], [ 6.705, 5.525 ] ] ] } },
{ "type": "Feature", "properties": { "lat": 5.53, "lon": 6.71, "crs": 0.5575, "crs_lower": 0.5849, "crs_upper": 0.7097, "risk_tier": "high", "population": 0, "colour": "#FF6D00" }, "geometry": { "type": "Polygon", "coordinates": [ [ [ 6.715, 5.525 ], [ 6.715, 5.535 ], [ 6.705, 5.535 ], [ 6.705, 5.525 ], [ 6.715, 5.525 ] ] ] } },
{ "type": "Feature", "properties": { "lat": 5.53, "lon": 6.72, "crs": 0.5689, "crs_lower": 0.5775, "crs_upper": 0.7097, "risk_tier": "high", "population": 128, "colour": "#FF6D00" }, "geometry": { "type": "Polygon", "coordinates": [ [ [ 6.725, 5.525 ], [ 6.725, 5.535 ], [ 6.715, 5.535 ], [ 6.715, 5.525 ], [ 6.725, 5.525 ] ] ] } },
{ "type": "Feature", "properties": { "lat": 5.53, "lon": 6.73, "crs": 0.5689, "crs_lower": 0.5708, "crs_upper": 0.7097, "risk_tier": "high", "population": 0, "colour": "#FF6D00" }, "geometry": { "type": "Polygon", "coordinates": [ [ [ 6.735, 5.525 ], [ 6.735, 5.535 ], [ 6.725, 5.535 ], [ 6.725, 5.525 ], [ 6.735, 5.525 ] ] ] } },
{ "type": "Feature", "properties": { "lat": 5.53, "lon": 6.74, "crs": 0.5507, "crs_lower": 0.5849, "crs_upper": 0.7097, "risk_tier": "high", "population": 144, "colour": "#FF6D00" }, "geometry": { "type": "Polygon", "coordinates": [ [ [ 6.745, 5.525 ], [ 6.745, 5.535 ], [ 6.735, 5.535 ], [ 6.735, 5.525 ], [ 6.745, 5.525 ] ] ] } },
{ "type": "Feature", "properties": { "lat": 5.53, "lon": 6.75, "crs": 0.5507, "crs_lower": 0.5775, "crs_upper": 0.7097, "risk_tier": "high", "population": 1095, "colour": "#FF6D00" }, "geometry": { "type": "Polygon", "coordinates": [ [ [ 6.755, 5.525 ], [ 6.755, 5.535 ], [ 6.745, 5.535 ], [ 6.745, 5.525 ], [ 6.755, 5.525 ] ] ] } },
{ "type": "Feature", "properties": { "lat": 5.53, "lon": 6.76, "crs": 0.5689, "crs_lower": 0.5849, "crs_upper": 0.7097, "risk_tier": "high", "population": 490, "colour": "#FF6D00" }, "geometry": { "type": "Polygon", "coordinates": [ [ [ 6.765, 5.525 ], [ 6.765, 5.535 ], [ 6.755, 5.535 ], [ 6.755, 5.525 ], [ 6.765, 5.525 ] ] ] } },
{ "type": "Feature", "properties": { "lat": 5.54, "lon": 6.64, "crs": 0.5507, "crs_lower": 0.5849, "crs_upper": 0.7097, "risk_tier": "high", "population": 0, "colour": "#FF6D00" }, "geometry": { "type": "Polygon", "coordinates": [ [ [ 6.645, 5.535 ], [ 6.645, 5.545 ], [ 6.635, 5.545 ], [ 6.635, 5.535 ], [ 6.645, 5.535 ] ] ] } },
{ "type": "Feature", "properties": { "lat": 5.54, "lon": 6.65, "crs": 0.5689, "crs_lower": 0.5775, "crs_upper": 0.7097, "risk_tier": "high", "population": 68, "colour": "#FF6D00" }, "geometry": { "type": "Polygon", "coordinates": [ [ [ 6.655, 5.535 ], [ 6.655, 5.545 ], [ 6.645, 5.545 ], [ 6.645, 5.535 ], [ 6.655, 5.535 ] ] ] } },
{ "type": "Feature", "properties": { "lat": 5.54, "lon": 6.66, "crs": 0.5272, "crs_lower": 0.5424, "crs_upper": 0.6728, "risk_tier": "high", "population": 47, "colour": "#FF6D00" }, "geometry": { "type": "Polygon", "coordinates": [ [ [ 6.665, 5.535 ], [ 6.665, 5.545 ], [ 6.655, 5.545 ], [ 6.655, 5.535 ], [ 6.665, 5.535 ] ] ] } },
{ "type": "Feature", "properties": { "lat": 5.54, "lon": 6.67, "crs": 0.5507, "crs_lower": 0.5708, "crs_upper": 0.7097, "risk_tier": "high", "population": 119, "colour": "#FF6D00" }, "geometry": { "type": "Polygon", "coordinates": [ [ [ 6.675, 5.535 ], [ 6.675, 5.545 ], [ 6.665, 5.545 ], [ 6.665, 5.535 ], [ 6.675, 5.535 ] ] ] } },
{ "type": "Feature", "properties": { "lat": 5.54, "lon": 6.68, "crs": 0.5507, "crs_lower": 0.5849, "crs_upper": 0.7097, "risk_tier": "high", "population": 17, "colour": "#FF6D00" }, "geometry": { "type": "Polygon", "coordinates": [ [ [ 6.685, 5.535 ], [ 6.685, 5.545 ], [ 6.675, 5.545 ], [ 6.675, 5.535 ], [ 6.685, 5.535 ] ] ] } },
{ "type": "Feature", "properties": { "lat": 5.54, "lon": 6.69, "crs": 0.5507, "crs_lower": 0.5708, "crs_upper": 0.7097, "risk_tier": "high", "population": 17, "colour": "#FF6D00" }, "geometry": { "type": "Polygon", "coordinates": [ [ [ 6.695, 5.535 ], [ 6.695, 5.545 ], [ 6.685, 5.545 ], [ 6.685, 5.535 ], [ 6.695, 5.535 ] ] ] } },
{ "type": "Feature", "properties": { "lat": 5.54, "lon": 6.7, "crs": 0.5507, "crs_lower": 0.5747, "crs_upper": 0.7097, "risk_tier": "high", "population": 29, "colour": "#FF6D00" }, "geometry": { "type": "Polygon", "coordinates": [ [ [ 6.705, 5.535 ], [ 6.705, 5.545 ], [ 6.695, 5.545 ], [ 6.695, 5.535 ], [ 6.705, 5.535 ] ] ] } },
{ "type": "Feature", "properties": { "lat": 5.54, "lon": 6.71, "crs": 0.5689, "crs_lower": 0.5775, "crs_upper": 0.7097, "risk_tier": "high", "population": 0, "colour": "#FF6D00" }, "geometry": { "type": "Polygon", "coordinates": [ [ [ 6.715, 5.535 ], [ 6.715, 5.545 ], [ 6.705, 5.545 ], [ 6.705, 5.535 ], [ 6.715, 5.535 ] ] ] } },
{ "type": "Feature", "properties": { "lat": 5.54, "lon": 6.72, "crs": 0.5689, "crs_lower": 0.5849, "crs_upper": 0.7097, "risk_tier": "high", "population": 0, "colour": "#FF6D00" }, "geometry": { "type": "Polygon", "coordinates": [ [ [ 6.725, 5.535 ], [ 6.725, 5.545 ], [ 6.715, 5.545 ], [ 6.715, 5.535 ], [ 6.725, 5.535 ] ] ] } },
{ "type": "Feature", "properties": { "lat": 5.54, "lon": 6.73, "crs": 0.5689, "crs_lower": 0.5854, "crs_upper": 0.7097, "risk_tier": "high", "population": 0, "colour": "#FF6D00" }, "geometry": { "type": "Polygon", "coordinates": [ [ [ 6.735, 5.535 ], [ 6.735, 5.545 ], [ 6.725, 5.545 ], [ 6.725, 5.535 ], [ 6.735, 5.535 ] ] ] } },
{ "type": "Feature", "properties": { "lat": 5.54, "lon": 6.74, "crs": 0.5507, "crs_lower": 0.5849, "crs_upper": 0.7097, "risk_tier": "high", "population": 0, "colour": "#FF6D00" }, "geometry": { "type": "Polygon", "coordinates": [ [ [ 6.745, 5.535 ], [ 6.745, 5.545 ], [ 6.735, 5.545 ], [ 6.735, 5.535 ], [ 6.745, 5.535 ] ] ] } },
{ "type": "Feature", "properties": { "lat": 5.54, "lon": 6.75, "crs": 0.5507, "crs_lower": 0.5849, "crs_upper": 0.7097, "risk_tier": "high", "population": 0, "colour": "#FF6D00" }, "geometry": { "type": "Polygon", "coordinates": [ [ [ 6.755, 5.535 ], [ 6.755, 5.545 ], [ 6.745, 5.545 ], [ 6.745, 5.535 ], [ 6.755, 5.535 ] ] ] } },
{ "type": "Feature", "properties": { "lat": 5.55, "lon": 6.67, "crs": 0.5507, "crs_lower": 0.5849, "crs_upper": 0.7097, "risk_tier": "high", "population": 49, "colour": "#FF6D00" }, "geometry": { "type": "Polygon", "coordinates": [ [ [ 6.675, 5.545 ], [ 6.675, 5.555 ], [ 6.665, 5.555 ], [ 6.665, 5.545 ], [ 6.675, 5.545 ] ] ] } },
{ "type": "Feature", "properties": { "lat": 5.55, "lon": 6.68, "crs": 0.5507, "crs_lower": 0.5775, "crs_upper": 0.7097, "risk_tier": "high", "population": 146, "colour": "#FF6D00" }, "geometry": { "type": "Polygon", "coordinates": [ [ [ 6.685, 5.545 ], [ 6.685, 5.555 ], [ 6.675, 5.555 ], [ 6.675, 5.545 ], [ 6.685, 5.545 ] ] ] } },
{ "type": "Feature", "properties": { "lat": 5.55, "lon": 6.69, "crs": 0.5507, "crs_lower": 0.5849, "crs_upper": 0.7097, "risk_tier": "high", "population": 68, "colour": "#FF6D00" }, "geometry": { "type": "Polygon", "coordinates": [ [ [ 6.695, 5.545 ], [ 6.695, 5.555 ], [ 6.685, 5.555 ], [ 6.685, 5.545 ], [ 6.695, 5.545 ] ] ] } },
{ "type": "Feature", "properties": { "lat": 5.55, "lon": 6.7, "crs": 0.5507, "crs_lower": 0.5849, "crs_upper": 0.7097, "risk_tier": "high", "population": 0, "colour": "#FF6D00" }, "geometry": { "type": "Polygon", "coordinates": [ [ [ 6.705, 5.545 ], [ 6.705, 5.555 ], [ 6.695, 5.555 ], [ 6.695, 5.545 ], [ 6.705, 5.545 ] ] ] } },
{ "type": "Feature", "properties": { "lat": 5.55, "lon": 6.71, "crs": 0.5689, "crs_lower": 0.5849, "crs_upper": 0.7097, "risk_tier": "high", "population": 0, "colour": "#FF6D00" }, "geometry": { "type": "Polygon", "coordinates": [ [ [ 6.715, 5.545 ], [ 6.715, 5.555 ], [ 6.705, 5.555 ], [ 6.705, 5.545 ], [ 6.715, 5.545 ] ] ] } },
{ "type": "Feature", "properties": { "lat": 5.55, "lon": 6.72, "crs": 0.5575, "crs_lower": 0.5849, "crs_upper": 0.7097, "risk_tier": "high", "population": 0, "colour": "#FF6D00" }, "geometry": { "type": "Polygon", "coordinates": [ [ [ 6.725, 5.545 ], [ 6.725, 5.555 ], [ 6.715, 5.555 ], [ 6.715, 5.545 ], [ 6.725, 5.545 ] ] ] } },
{ "type": "Feature", "properties": { "lat": 5.55, "lon": 6.73, "crs": 0.5507, "crs_lower": 0.5849, "crs_upper": 0.7097, "risk_tier": "high", "population": 15, "colour": "#FF6D00" }, "geometry": { "type": "Polygon", "coordinates": [ [ [ 6.735, 5.545 ], [ 6.735, 5.555 ], [ 6.725, 5.555 ], [ 6.725, 5.545 ], [ 6.735, 5.545 ] ] ] } }
]
}
